2013/2/19,10040,10040,10000,10000,142,10000.0
2013/2/20,9850,9960,9790,9820,86,9820.0
2013/2/21,9820,9840,9570,9590,64,9590.0
2013/2/22,9500,9510,9500,9510,30,9510.0
2013/2/25,9500,9580,9500,9580,55,9580.0
2013/2/26,9270,9290,9040,9230,67,9230.0
2013/2/27,9180,9180,9080,9080,21,9080.0
2013/2/28,9460,9460,9460,9460,2,9460.0
2013/3/1,9680,9680,9530,9530,9,9530.0
2013/3/4,9550,9590,9260,9260,38,9260.0
2013/3/5,9310,9330,9230,9230,7,9230.0
2013/3/6,9250,9440,9250,9440,84,9440.0
2013/3/7,9560,9560,9410,9480,302,9480.0
2013/3/8,9760,10050,9720,10050,9,10050.0
2013/3/11,10100,10150,10070,10120,467,10120.0
2013/3/12,10230,10230,10020,10020,167,10020.0
2013/3/13,9900,9900,9760,9760,53,9760.0
2013/3/14,9610,9610,9350,9360,43,9360.0
2013/3/15,9610,9730,9610,9730,11,9730.0
2013/3/18,9350,9350,8950,8960,2547,8960.0
2013/3/19,9010,9210,9010,9100,147,9100.0
2013/3/21,9330,9360,9250,9250,320,9250.0
2013/3/22,8980,9020,8860,8980,60461,8980.0
2013/3/25,9280,9280,9200,9200,21,9200.0
2013/3/26,8980,9040,8900,9040,11,9040.0
2013/3/27,9240,9300,9220,9220,250,9220.0
2013/3/28,9370,9370,9060,9060,11,9060.0
2013/3/29,9160,9160,9040,9040,11,9040.0
2013/4/2,8890,8930,8890,8930,12,8930.0
2013/4/3,9100,9100,9020,9020,2,9020.0
2013/4/4,9060,9060,8850,9000,14,9000.0
2013/4/5,9070,9300,8920,8920,53,8920.0
2013/4/8,8920,9060,8920,9060,682,9060.0
2013/4/9,9170,9180,9170,9180,81,9180.0
2013/4/11,9400,9500,9400,9450,964,9450.0
2013/4/12,9450,9450,9450,9450,25,9450.0
2013/4/15,9380,9380,9000,9020,67,9020.0
2013/4/16,8800,8950,8720,8790,52,8790.0
2013/4/17,8980,8980,8960,8960,20,8960.0
2013/4/18,8680,8880,8650,8760,90,8760.0
2013/4/19,8880,9000,8880,9000,12,9000.0
2013/4/22,9200,9400,9200,9400,2,9400.0
2013/4/23,9440,9440,9100,9100,10,9100.0
2013/4/24,9400,9400,9390,9390,6,9390.0
2013/4/25,9510,9510,9510,9510,2,9510.0
2013/4/26,9700,9740,9670,9670,47,9670.0
2013/4/30,9780,9900,9780,9900,7,9900.0
2013/5/1,9750,9750,9750,9750,2,9750.0
2013/5/2,9540,9540,9540,9540,2,9540.0
2013/5/7,10010,10290,9960,10060,185,10060.0
2013/5/8,10200,10390,10200,10390,8,10390.0
2013/5/9,10390,10390,10390,10390,1,10390.0
2013/5/10,10630,10630,10630,10630,4,10630.0
2013/5/13,10830,10830,10440,10580,35,10580.0
2013/5/14,10310,10310,10310,10310,2,10310.0
2013/5/15,10680,10680,10440,10440,12,10440.0
2013/5/16,10440,10670,10440,10670,34,10670.0
2013/5/17,10670,10670,10670,10670,5,10670.0
2013/5/20,10770,10770,10700,10700,21,10700.0
2013/5/22,10710,10710,10710,10710,5,10710.0
2013/5/23,11000,11000,10520,10520,121,10520.0
2013/5/24,10010,10210,9700,10160,55,10160.0
2013/5/27,9760,9760,9760,9760,5,9760.0
2013/5/29,10160,10280,10160,10280,55,10280.0
2013/5/30,9980,9980,9690,9690,4283,9690.0
2013/5/31,9750,9930,9700,9930,30092,9930.0
2013/6/3,9900,9900,9700,9700,12,9700.0
2013/6/4,9560,9650,9560,9650,5,9650.0
2013/6/5,9350,9350,9240,9240,12,9240.0
2013/6/7,8920,8920,8670,8770,64,8770.0
2013/6/10,8770,8870,8730,8840,78,8840.0
2013/6/11,8800,8800,8700,8720,41,8720.0
2013/6/12,8600,8610,8460,8610,114,8610.0
2013/6/13,8450,8450,7770,7900,1209,7900.0
2013/6/17,7900,8180,7900,8180,1003,8180.0
2013/6/18,8170,8170,8170,8170,38,8170.0
2013/6/19,8380,8380,8380,8380,1,8380.0
2013/6/20,7570,7800,7570,7750,513,7750.0
2013/6/21,7550,7550,7400,7460,30,7460.0
2013/6/24,7620,7680,7440,7480,308,7480.0
2013/6/25,7290,7450,7030,7150,346,7150.0
2013/6/26,7710,7710,7460,7460,82,7460.0
2013/6/27,7680,7970,7590,7880,92,7880.0
2013/6/28,7860,8130,7860,8040,219,8040.0
2013/7/1,7900,8300,7710,8300,10005,8300.0
2013/7/2,8300,8300,8100,8100,6168,8100.0
2013/7/3,7830,7950,7830,7950,3,7950.0
2013/7/4,7960,7960,7960,7960,37,7960.0
2013/7/5,8060,8390,8060,8390,2541,8390.0
2013/7/8,8090,8090,8090,8090,48,8090.0
2013/7/9,8200,8200,8200,8200,12,8200.0
2013/7/10,8220,8340,8220,8270,1327,8270.0
2013/7/11,8350,8770,8350,8770,2700,8770.0
2013/7/12,8710,8710,8650,8650,1019,8650.0
2013/7/16,8830,8830,8640,8640,7,8640.0
2013/7/18,8810,8810,8560,8620,1157,8620.0
2013/7/19,8640,8640,8560,8590,1145,8590.0
2013/7/22,8640,8640,8590,8590,3,8590.0
2013/7/23,8920,9000,8920,9000,6314,9000.0
2013/7/24,9150,9180,9100,9150,13,9150.0
2013/7/25,9010,9120,8970,9120,15227,9120.0
2013/7/26,9190,9190,8990,8990,1122,8990.0
2013/7/29,9200,9200,8830,8960,39,8960.0
2013/7/30,8970,8970,8970,8970,1,8970.0
2013/8/2,9150,9310,9150,9300,121,9300.0
2013/8/5,9300,9300,9220,9220,4,9220.0
2013/8/8,8680,8680,8610,8610,2,8610.0
2013/8/9,8810,8810,8810,8810,58,8810.0
2013/8/12,8780,8980,8780,8980,2,8980.0
2013/8/13,9110,9380,9110,9380,8,9380.0
2013/8/15,9300,9480,9300,9480,84,9480.0
2013/8/16,9300,9300,9300,9300,6,9300.0
2013/8/19,9300,9300,9300,9300,3,9300.0
2013/8/20,9010,9010,9010,9010,10,9010.0
2013/8/21,8930,8930,8700,8700,3,8700.0
2013/8/23,9180,9180,9180,9180,1,9180.0
2013/8/26,8950,8950,8950,8950,10,8950.0
2013/8/27,8950,8950,8950,8950,1,8950.0
2013/8/28,8680,8680,8580,8580,2,8580.0
2013/8/29,8480,8480,8480,8480,58,8480.0
2013/8/30,8880,8900,8620,8620,7,8620.0
2013/9/2,8900,9200,8900,9200,123,9200.0
2013/9/3,9200,9500,9200,9500,6006,9500.0
2013/9/5,9420,9420,9420,9420,3,9420.0
2013/9/6,9780,9780,9710,9720,22,9720.0
2013/9/10,9930,9930,9930,9930,35,9930.0
2013/9/11,10080,10080,10080,10080,60,10080.0
2013/9/17,10400,10400,10250,10250,65,10250.0
2013/9/19,10310,10310,10270,10270,33,10270.0
2013/9/20,10660,10660,10660,10660,47,10660.0
2013/9/24,10360,10360,10140,10140,51,10140.0
2013/9/25,10020,10020,10020,10020,50,10020.0
2013/9/26,10200,10200,10200,10200,34,10200.0
2013/9/27,10020,10020,10010,10010,35,10010.0
2013/10/2,9700,9700,9700,9700,2,9700.0
2013/10/3,10000,10000,10000,10000,2,10000.0
2013/10/8,9590,9990,9590,9990,49,9990.0
2013/10/9,9630,9890,9630,9890,3,9890.0
2013/10/10,9750,9750,9750,9750,3000,9750.0
2013/10/11,10110,10110,10110,10110,14,10110.0
2013/10/15,10450,10450,10450,10450,11,10450.0
2013/10/18,9840,9840,9820,9820,7,9820.0
2013/10/21,10270,10270,10210,10210,1001,10210.0
2013/10/22,10140,10230,10140,10230,7,10230.0
2013/10/23,10300,10300,10030,10030,99,10030.0
2013/10/24,9870,9870,9530,9530,40,9530.0
2013/10/25,9370,9540,9370,9540,55,9540.0
2013/10/30,9880,9880,9880,9880,1,9880.0
2013/10/31,10000,10000,10000,10000,1,10000.0
2013/11/5,10030,10030,10030,10030,1,10030.0
2013/11/8,9730,9730,9730,9730,1,9730.0
2013/11/11,9770,9770,9770,9770,4,9770.0
2013/11/12,10030,10030,10030,10030,1,10030.0
2013/11/13,9730,9730,9650,9650,3031,9650.0
2013/11/14,9620,9660,9620,9650,1967,9650.0
2013/11/15,9630,10070,9630,10070,612,10070.0
2013/11/18,10220,10630,10200,10630,6548,10630.0
2013/11/19,10780,10780,10630,10700,68,10700.0
2013/11/20,10650,10680,10590,10600,2517,10600.0
2013/11/21,10800,10800,10610,10610,11,10610.0
2013/11/22,10660,10830,10660,10830,7,10830.0
2013/11/25,11000,11010,10890,10890,907,10890.0
2013/11/26,10700,10880,10700,10830,24,10830.0
2013/11/27,10900,10900,10900,10900,14,10900.0
2013/11/28,11030,11190,11030,11190,6,11190.0
2013/11/29,11040,11040,11040,11040,3,11040.0
2013/12/2,11150,11210,11150,11210,1001,11210.0
2013/12/3,11100,11100,11100,11100,1,11100.0
2013/12/4,11020,11030,11020,11030,30,11030.0
2013/12/5,10990,10990,10750,10810,1011,10810.0
2013/12/6,10760,10760,10740,10740,8,10740.0
2013/12/9,11230,11230,11120,11120,605,11120.0
2013/12/10,11050,11050,11050,11050,1,11050.0
2013/12/11,10850,10850,10750,10750,11,10750.0
2013/12/13,10450,10630,10450,10630,367,10630.0
2013/12/16,10610,10610,10550,10550,3,10550.0
2013/12/17,10590,10590,10590,10590,101,10590.0
2013/12/18,10470,10470,10470,10470,1,10470.0
2013/12/19,10520,10750,10520,10750,3,10750.0
2013/12/20,10420,10420,10230,10240,401,10240.0
2013/12/24,10530,10620,10530,10610,8,10610.0
2013/12/27,10660,10720,10660,10720,36,10720.0
2013/12/30,10730,10730,10730,10730,260,10730.0
2014/1/6,10390,10390,10050,10150,632,10150.0
2014/1/7,10150,10150,10150,10150,5,10150.0
2014/1/8,10440,10440,10440,10440,1,10440.0
2014/1/9,10450,10480,10450,10480,24,10480.0
2014/1/10,10320,10350,10300,10350,13,10350.0
2014/1/14,9990,9990,9990,9990,30,9990.0
2014/1/15,10130,10370,10130,10360,36,10360.0
2014/1/16,10480,10480,10470,10470,2,10470.0
2014/1/17,10290,10450,10290,10450,25,10450.0
2014/1/20,10580,10580,10430,10430,3,10430.0
2014/1/21,10390,10500,10390,10500,22,10500.0
2014/1/23,10460,10470,10460,10470,3,10470.0
2014/1/24,10170,10170,9920,9920,256,9920.0
2014/1/27,9500,9500,9300,9300,8,9300.0
2014/1/28,9320,9320,9320,9320,1,9320.0
2014/1/29,9580,9580,9580,9580,7,9580.0
2014/1/30,9430,9430,9120,9120,14,9120.0
2014/2/3,9120,9150,9120,9120,966,9120.0
2014/2/4,8870,8900,8850,8850,105,8850.0
2014/2/5,8980,8980,8750,8750,4,8750.0
2014/2/6,8670,8720,8670,8690,113,8690.0
2014/2/10,9020,9020,9020,9020,2,9020.0
2014/2/12,9300,9460,9300,9450,401,9450.0
2014/2/13,9470,9480,9470,9480,24,9480.0
2014/2/14,9550,9630,9480,9630,804,9630.0
2014/2/17,9480,9710,9480,9710,3,9710.0
2014/2/18,9740,9740,9670,9670,99,9670.0
2014/2/19,9760,9760,9760,9760,1,9760.0
2014/2/20,9900,9900,9540,9540,7,9540.0
2014/2/21,9720,9720,9720,9720,1,9720.0
2014/2/24,9720,9720,9540,9540,3,9540.0
2014/2/25,9770,9770,9770,9770,100,9770.0
2014/2/26,9610,9610,9610,9610,9,9610.0
2014/2/27,9850,9900,9850,9890,13,9890.0
2014/2/28,9860,10040,9860,9920,4,9920.0
2014/3/3,9850,9850,9850,9850,42,9850.0
2014/3/5,10080,10080,9920,9920,42,9920.0
2014/3/7,9960,10010,9960,10010,15,10010.0
2014/3/10,9970,9970,9600,9600,2,9600.0
2014/3/12,9230,9240,9230,9240,60,9240.0
2014/3/13,9210,9240,9210,9240,40,9240.0
2014/3/14,8670,8820,8670,8810,94,8810.0
2014/3/17,8830,8830,8780,8780,54,8780.0
2014/3/19,8850,8850,8850,8850,40,8850.0
2014/3/20,8730,8730,8680,8680,63,8680.0
2014/3/24,8830,9100,8830,9100,40,9100.0
2014/3/25,9130,9130,9130,9130,56,9130.0
2014/3/26,9150,9280,9150,9260,148,9260.0
2014/3/27,9050,9110,9050,9110,68,9110.0
2014/3/31,9330,9350,9330,9350,63,9350.0
2014/4/1,9500,9710,9500,9710,131,9710.0
2014/4/2,9820,9820,9820,9820,2050,9820.0
2014/4/3,9850,9950,9850,9950,91,9950.0
2014/4/7,9780,9780,9620,9620,222,9620.0
2014/4/8,9620,9810,9620,9810,16,9810.0
2014/4/9,10000,10000,9990,9990,40,9990.0
2014/4/10,9910,10120,9910,10120,50,10120.0
2014/4/11,10190,10390,10080,10080,2069,10080.0
2014/4/14,10110,10110,10110,10110,4,10110.0
2014/4/15,10240,10240,9870,9870,31,9870.0
2014/4/17,9930,9930,9800,9910,2160,9910.0
2014/4/21,9930,9930,9930,9930,20,9930.0
2014/4/25,9640,9640,9500,9500,110,9500.0
2014/4/28,9360,9370,9360,9360,14,9360.0
2014/5/2,9460,9480,9460,9480,5,9480.0
2014/5/7,9200,9200,8960,8960,12,8960.0
2014/5/8,9180,9180,9100,9100,12,9100.0
2014/5/9,9070,9070,9070,9070,1,9070.0
2014/5/12,9400,9490,9400,9490,4,9490.0
2014/5/13,9530,9530,9530,9530,1,9530.0
2014/5/15,9770,9800,9700,9800,2506,9800.0
2014/5/19,9690,9700,9600,9600,202,9600.0
2014/5/20,9890,9890,9890,9890,1,9890.0
2014/5/22,10000,10000,10000,10000,15,10000.0
2014/5/26,10160,10160,10000,10000,12,10000.0
2014/5/28,10160,10160,10160,10160,1009,10160.0
2014/5/29,10070,10170,10070,10160,1101,10160.0
2014/5/30,10070,10070,10070,10070,10,10070.0
2014/6/2,10200,10200,10120,10120,68,10120.0
2014/6/3,10380,10380,10290,10350,43,10350.0
2014/6/5,10320,10320,10240,10240,41,10240.0
2014/6/6,10160,10160,10110,10140,8,10140.0
2014/6/10,10320,10320,10320,10320,5,10320.0
2014/6/11,10330,10330,10270,10270,3,10270.0
2014/6/13,10410,10410,10350,10350,19,10350.0
2014/6/16,10330,10330,10330,10330,9,10330.0
2014/6/19,10290,10300,10290,10300,51,10300.0
2014/6/20,10290,10290,10290,10290,10,10290.0
2014/6/23,10270,10270,10270,10270,30,10270.0
2014/6/24,9960,10020,9950,9970,1044,9970.0
2014/6/25,10030,10030,9950,9950,4,9950.0
2014/6/26,10080,10080,10080,10080,3,10080.0
2014/6/27,10060,10180,10060,10100,2045,10100.0
2014/7/2,10390,10390,10390,10390,2000,10390.0
2014/7/3,10540,10540,10510,10510,2040,10510.0
2014/7/4,10690,10690,10620,10620,40,10620.0
2014/7/9,10240,10240,10220,10220,31,10220.0
2014/7/10,10070,10230,10070,10230,31,10230.0
2014/7/14,10250,10250,10250,10250,19,10250.0
2014/7/15,10370,10370,10370,10370,14,10370.0
2014/7/23,10660,10810,10660,10810,1522,10810.0
2014/7/24,10870,11030,10860,10960,239,10960.0
2014/7/25,11010,11030,10970,10980,2007,10980.0
2014/7/28,11100,11330,11100,11330,1675,11330.0
2014/7/29,11460,11460,11300,11300,192,11300.0
2014/7/30,11780,11780,11520,11760,236,11760.0
2014/7/31,11760,11760,11760,11760,50,11760.0
2014/8/1,11600,11600,11600,11600,20,11600.0
2014/8/4,11600,11600,11600,11600,80,11600.0
2014/8/5,11600,11600,11500,11500,110,11500.0
2014/8/6,11400,11400,11350,11350,80,11350.0
2014/8/7,11260,11420,11260,11420,160,11420.0
2014/8/8,11070,11190,11070,11190,23,11190.0
2014/8/11,11500,11500,11500,11500,11,11500.0
2014/8/12,11490,11490,11490,11490,80,11490.0
2014/8/13,11540,11540,11540,11540,10,11540.0
2014/8/14,11780,11990,11780,11830,37,11830.0
2014/8/15,11890,11890,11850,11850,155,11850.0
2014/8/19,11920,11920,11920,11920,35,11920.0
2014/8/20,12030,12030,12000,12000,5012,12000.0
2014/8/21,12180,12180,11980,11980,72,11980.0
2014/8/22,12100,12140,12100,12140,10001,12140.0
2014/8/25,12090,12140,12090,12140,38,12140.0
2014/8/26,12180,12180,12180,12180,5,12180.0
2014/8/27,12100,12160,12100,12160,15,12160.0
2014/8/29,11670,11670,11670,11670,40,11670.0
2014/9/1,12000,12000,12000,12000,8,12000.0
2014/9/2,11990,11990,11830,11890,68,11890.0
2014/9/3,12380,12490,12380,12490,1052,12490.0
2014/9/4,12550,12550,12440,12440,30,12440.0
2014/9/5,12730,12730,12520,12520,637,12520.0
2014/9/8,12500,12500,12500,12500,20,12500.0
2014/9/9,12610,12610,12600,12600,8,12600.0
2014/9/10,12100,12100,12080,12100,62,12100.0
2014/9/11,12180,12180,12100,12100,131,12100.0
2014/9/12,12080,12080,12080,12080,8,12080.0
2014/9/16,11840,11840,11840,11840,17,11840.0
2014/9/17,11600,11930,11600,11930,40,11930.0
2014/9/18,11830,11830,11800,11800,172,11800.0
2014/9/19,11770,11950,11770,11950,133,11950.0
2014/9/22,11890,11890,11660,11660,315,11660.0
2014/9/24,11340,11560,11200,11550,448,11550.0
2014/9/25,11490,11710,11490,11620,529,11620.0
2014/9/26,11400,11400,11340,11340,158,11340.0
2014/9/29,11530,11530,10850,10860,1929,10860.0
2014/9/30,10830,10860,10580,10650,1155,10650.0
2014/10/1,10690,10720,10690,10710,487,10710.0
2014/10/2,10610,10610,10560,10570,97,10570.0
2014/10/3,10560,10750,10270,10730,1553,10730.0
2014/10/6,10700,10940,10690,10920,4186,10920.0
2014/10/7,11140,11140,10900,11070,7281,11070.0
2014/10/8,10900,10900,10700,10850,686,10850.0
2014/10/9,11030,11070,10970,10990,391,10990.0
2014/10/10,10740,10770,10590,10630,1159,10630.0
2014/10/14,10800,10800,10470,10650,912,10650.0
2014/10/15,10730,10730,10600,10680,59,10680.0
2014/10/16,10240,10400,10240,10370,866,10370.0
2014/10/17,10370,10420,10230,10360,56,10360.0
2014/10/20,10720,10720,10720,10720,20,10720.0
2014/10/21,10700,10700,10330,10330,58,10330.0
2014/10/22,10780,10940,10780,10940,228,10940.0
2014/10/23,10880,10880,10780,10820,90,10820.0
2014/10/24,10960,10960,10740,10820,78,10820.0
2014/10/27,10780,10780,10590,10630,128,10630.0
2014/10/29,11230,11390,11230,11390,2123,11390.0
2014/10/30,11500,11500,11360,11360,1356,11360.0
2014/10/31,11360,11870,11360,11810,338,11810.0
2014/11/4,11980,12040,11750,11980,37486,11980.0
2014/11/5,11890,11890,11890,11890,7,11890.0
2014/11/6,12040,12040,11960,11960,70,11960.0
2014/11/7,11840,12110,11780,12110,358,12110.0
2014/11/10,11650,12500,11650,12060,20,12060.0
2014/11/11,12110,12200,12020,12020,106,12020.0
2014/11/12,12210,12210,12000,12110,525,12110.0
2014/11/13,12020,12340,12000,12290,10048,12290.0
2014/11/14,12310,12410,12310,12390,682,12390.0
2014/11/17,12640,12640,12190,12190,424,12190.0
2014/11/18,12080,12240,11940,11950,242,11950.0
2014/11/19,11940,11940,11850,11850,223,11850.0
2014/11/20,11890,11950,11800,11940,86,11940.0
2014/11/21,11850,11890,11780,11890,114,11890.0
2014/11/25,12430,12490,12370,12370,183,12370.0
2014/11/26,12210,12440,12210,12410,35,12410.0
2014/11/27,12700,12700,12460,12460,346,12460.0
2014/11/28,12510,12650,12510,12650,112,12650.0
2014/12/1,12480,12480,12100,12110,158,12110.0
2014/12/2,11850,12030,11830,12030,51,12030.0
2014/12/3,12480,12480,12470,12470,34,12470.0
2014/12/4,12380,12380,12200,12310,158,12310.0
2014/12/5,12450,12970,12450,12920,498,12920.0
2014/12/8,13170,13170,12950,12990,2753,12990.0
2014/12/9,12890,12900,12450,12460,109,12460.0
2014/12/10,11730,12140,11730,12140,492,12140.0
2014/12/11,11880,11880,11730,11730,276,11730.0
2014/12/12,11630,11990,11630,11860,122,11860.0
2014/12/15,11500,11540,11500,11540,70,11540.0
2014/12/16,11350,11350,11140,11140,143,11140.0
2014/12/17,10980,11020,10950,10950,34,10950.0
2014/12/18,11150,11390,11150,11320,65,11320.0
2014/12/19,11730,11780,11640,11780,1521,11780.0
2014/12/22,11890,12000,11890,12000,108,12000.0
2014/12/24,11950,11970,11950,11970,700,11970.0
2014/12/25,11980,11980,11980,11980,1,11980.0
2014/12/29,12450,12650,12350,12540,1578,12540.0
2014/12/30,12610,12610,12270,12270,250,12270.0
2015/1/5,12440,12730,11950,12620,485,12620.0
2015/1/6,11880,12150,11880,11950,421,11950.0
2015/1/7,12120,12210,12030,12030,113,12030.0
2015/1/8,12580,12580,12400,12400,908,12400.0
2015/1/9,12730,12770,12510,12770,6119,12770.0
2015/1/13,12600,12720,12500,12720,22,12720.0
2015/1/14,12850,12850,12650,12670,25,12670.0
2015/1/16,12670,12670,12430,12470,220,12470.0
2015/1/19,12680,12680,12200,12200,206,12200.0
2015/1/20,12240,12400,12240,12400,101,12400.0
2015/1/21,12440,12720,12440,12720,7,12720.0
2015/1/22,12950,13050,12940,12990,1797,12990.0
2015/1/23,13130,13420,13130,13420,1698,13420.0
2015/1/26,13180,13360,13180,13250,118,13250.0
2015/1/27,13530,13530,13340,13340,30,13340.0
2015/1/28,13300,13490,13300,13490,95,13490.0
2015/1/29,12980,13310,12980,13030,602,13030.0
2015/1/30,13050,13370,13050,13180,412,13180.0
2015/2/2,12640,12940,12640,12870,51,12870.0
2015/2/3,12900,13080,12900,13080,11,13080.0
2015/2/4,13040,13090,13040,13090,180,13090.0
2015/2/5,13440,13530,13160,13260,414,13260.0
2015/2/6,13160,13160,13100,13100,28,13100.0
2015/2/9,13340,13340,13340,13340,17,13340.0
2015/2/10,12970,13100,12970,13100,32,13100.0
2015/2/12,12950,13220,12950,13160,119,13160.0
2015/2/13,13190,13300,13190,13250,23,13250.0
2015/2/16,13360,13360,13270,13310,69,13310.0
2015/2/18,13380,13550,13380,13540,56,13540.0
2015/2/19,13580,13580,13560,13560,3,13560.0
2015/2/20,13400,13500,13400,13490,16,13490.0
2015/2/23,13600,13600,13420,13450,51,13450.0
2015/2/24,13300,13310,13300,13310,15,13310.0
2015/2/26,13500,13650,13390,13390,2234,13390.0
2015/2/27,13660,13780,13620,13670,2897,13670.0
2015/3/2,13700,13760,13430,13660,2197,13660.0
2015/3/3,13860,13860,13600,13620,1073,13620.0
2015/3/4,13490,13490,13210,13290,868,13290.0
2015/3/5,13010,13010,12890,12890,85,12890.0
2015/3/6,12830,12920,12810,12820,81,12820.0
2015/3/9,12770,12770,12710,12730,91,12730.0
2015/3/10,13030,13030,12740,12810,31,12810.0
2015/3/11,12230,12590,12230,12490,76,12490.0
2015/3/12,12510,12600,12510,12570,163,12570.0
2015/3/13,12500,12650,12500,12600,2121,12600.0
2015/3/16,12560,12740,12560,12700,548,12700.0
2015/3/17,12720,12720,12640,12640,34,12640.0
2015/3/18,12670,12990,12670,12980,182,12980.0
2015/3/19,13010,13150,13010,13080,66,13080.0
2015/3/20,13280,13380,13150,13190,159,13190.0
2015/3/23,13420,13420,13060,13060,79,13060.0
2015/3/24,13050,13050,12950,12950,29,12950.0
2015/3/25,13010,13140,13010,13140,17,13140.0
2015/3/26,13250,13250,13250,13250,2,13250.0
2015/3/27,13020,13020,13020,13020,20,13020.0
2015/3/30,13040,13610,13040,13490,19386,13490.0
2015/3/31,14090,14100,13600,13750,46,13750.0
2015/4/1,13700,13820,13700,13820,13,13820.0
2015/4/2,14000,14000,13850,13920,122,13920.0
2015/4/3,14260,14260,13940,13950,118,13950.0
2015/4/6,13940,14160,13850,14160,139,14160.0
2015/4/7,14200,14200,14150,14150,4,14150.0
2015/4/8,14170,14890,14170,14840,1546,14840.0
2015/4/9,15940,16770,15520,16090,13126,16090.0
2015/4/10,16900,17700,15960,16050,11306,16050.0
2015/4/13,16450,17000,16380,16730,5269,16730.0
2015/4/14,17060,17490,16500,16730,26250,16730.0
2015/4/15,16960,16960,16550,16680,4165,16680.0
2015/4/16,16510,16810,16330,16730,8646,16730.0
2015/4/17,16780,16900,16750,16780,2683,16780.0
2015/4/20,15780,16760,15780,15950,5461,15950.0
2015/4/21,16300,16710,16050,16640,5507,16640.0
2015/4/22,16990,17100,16750,16910,7697,16910.0
2015/4/23,17400,17400,17000,17250,11680,17250.0
2015/4/24,17390,17390,16560,16700,2731,16700.0
2015/4/27,16800,17600,16800,17600,13853,17600.0
2015/4/28,17800,17800,17250,17420,5021,17420.0
2015/4/30,17230,17420,17000,17240,4788,17240.0
2015/5/1,17010,17340,17010,17190,313,17190.0
2015/5/7,16150,16490,16150,16250,585,16250.0
2015/5/8,16260,16520,16180,16430,5723,16430.0
2015/5/11,17230,17410,16630,16710,2868,16710.0
2015/5/12,16700,16700,16540,16640,837,16640.0
2015/5/13,16320,16410,16230,16300,334,16300.0
2015/5/14,16060,16150,16010,16090,677,16090.0
2015/5/15,16100,16310,16100,16310,474,16310.0
2015/5/18,16500,16590,16270,16400,430,16400.0
2015/5/19,16370,16720,16370,16610,844,16610.0
2015/5/20,17010,17010,16610,16680,864,16680.0
2015/5/21,16510,16640,16470,16590,943,16590.0
2015/5/22,16450,17180,16450,17180,2711,17180.0
2015/5/25,17580,17580,17210,17460,1647,17460.0
2015/5/26,17500,18000,17500,17810,10009,17810.0
2015/5/27,17750,17900,17450,17690,6351,17690.0
2015/5/28,17690,17750,17060,17130,6778,17130.0
2015/5/29,17190,17190,16650,17000,1265,17000.0
2015/6/1,16760,17190,16760,17190,1414,17190.0
2015/6/2,16950,17100,16900,16900,645,16900.0
2015/6/3,16860,17230,16860,17100,1880,17100.0
2015/6/4,17500,17530,16550,16780,1199,16780.0
2015/6/5,17100,17100,16720,16790,1947,16790.0
2015/6/8,16680,16960,16680,16960,149,16960.0
2015/6/9,16720,16770,16350,16350,1377,16350.0
2015/6/10,16360,16510,16280,16290,694,16290.0
2015/6/11,16500,16500,16060,16100,691,16100.0
2015/6/12,16120,16420,16120,16290,238,16290.0
2015/6/15,16690,16700,16100,16100,540,16100.0
2015/6/16,15920,16100,15870,15930,765,15930.0
2015/6/17,15620,16000,15610,15990,833,15990.0
2015/6/18,15950,15950,15760,15840,346,15840.0
2015/6/19,16050,16130,16050,16120,340,16120.0
2015/6/22,15760,16020,15760,15960,595,15960.0
2015/6/23,16360,16630,16030,16630,1648,16630.0
2015/6/24,16940,16940,16570,16750,370,16750.0
2015/6/25,16880,16880,16560,16600,1345,16600.0
2015/6/26,16280,16290,15820,15870,1566,15870.0
2015/6/29,14870,15320,14500,14960,5540,14960.0
2015/6/30,14960,15360,14850,15320,858,15320.0
2015/7/1,14920,15290,14920,15290,135,15290.0
2015/7/2,15020,15450,15020,15450,1481,15450.0
2015/7/3,15120,15300,15100,15220,992,15220.0
2015/7/6,15000,15250,13480,13690,6635,13690.0
2015/7/7,13900,14260,13640,13810,4005,13810.0
2015/7/8,13560,13650,12390,12420,7993,12420.0
2015/7/9,11820,13260,11820,13180,21724,13180.0
2015/7/10,13300,13500,12650,13460,3918,13460.0
2015/7/13,13410,13750,13260,13610,2722,13610.0
2015/7/14,13660,14180,13650,13680,2544,13680.0
2015/7/15,13660,14040,13630,13630,11083,13630.0
2015/7/16,13550,13970,13550,13840,3190,13840.0
2015/7/17,13910,14350,13910,14340,2910,14340.0
2015/7/21,14480,14570,14350,14550,2883,14550.0
2015/7/22,14610,14610,14080,14100,632,14100.0
2015/7/23,14260,14360,14250,14300,1169,14300.0
2015/7/24,14380,14380,13970,13970,270,13970.0
2015/7/27,13560,13620,13210,13280,376,13280.0
2015/7/28,13000,13560,12900,13370,379,13370.0
2015/7/29,13300,13300,13270,13270,73,13270.0
2015/7/30,13700,13740,13420,13540,4133,13540.0
2015/7/31,13440,13490,13440,13490,21,13490.0
2015/8/3,13280,13340,13000,13130,797,13130.0
2015/8/4,12780,13180,12780,13180,20,13180.0
2015/8/5,13010,13330,13010,13240,804,13240.0
2015/8/6,13540,13540,13360,13360,38,13360.0
2015/8/7,13500,13500,13410,13410,270,13410.0
2015/8/10,13550,13550,13040,13320,3680,13320.0
2015/8/11,13740,13750,13480,13550,566,13550.0
2015/8/12,12890,13050,12850,12850,197,12850.0
2015/8/13,12510,12980,12510,12830,658,12830.0
2015/8/14,12970,12970,12890,12890,3,12890.0
2015/8/17,12910,12910,12460,12500,649,12500.0
2015/8/18,12620,12620,12460,12460,2042,12460.0
2015/8/19,12500,12500,11920,11990,2815,11990.0
2015/8/20,12160,12160,11450,11450,610,11450.0
2015/8/21,10900,11500,10840,10870,2950,10870.0
2015/8/24,10500,10940,9640,9860,10213,9860.0
2015/8/25,8600,10160,8600,9220,1434,9220.0
2015/8/26,10500,10500,9550,9790,1710,9790.0
2015/8/27,9940,10380,9720,9770,6130,9770.0
2015/8/28,9900,10640,9900,10220,6724,10220.0
2015/8/31,10000,10100,9860,10020,7670,10020.0
2015/9/1,10020,10130,9850,9850,9714,9850.0
2015/9/2,9800,9800,9220,9440,6997,9440.0
2015/9/3,9490,9540,9470,9520,1722,9520.0
2015/9/4,9370,9470,9070,9070,97,9070.0
2015/9/7,9080,9230,9000,9110,1189,9110.0
2015/9/8,9130,9130,8890,9110,338,9110.0
2015/9/9,9460,10350,9460,10350,15566,10350.0
2015/9/10,9750,10450,9750,10060,2490,10060.0
2015/9/11,9950,10170,9900,10010,1174,10010.0
2015/9/14,10130,10130,9740,9860,872,9860.0
2015/9/15,9650,9900,9650,9800,186,9800.0
2015/9/16,10280,10280,9910,9940,2190,9940.0
2015/9/17,10350,10540,10250,10530,16671,10530.0
2015/9/18,10610,10610,10150,10150,7684,10150.0
2015/9/24,9400,9680,9260,9460,1515,9460.0
2015/9/25,9460,9510,9360,9510,131,9510.0
2015/9/28,9450,9450,9410,9410,1226,9410.0
2015/9/29,9380,9380,8690,8870,2631,8870.0
2015/9/30,8780,9220,8780,9220,90,9220.0
2015/10/1,9420,9450,9160,9450,583,9450.0
2015/10/2,9190,9690,9190,9690,1464,9690.0
2015/10/5,9990,10150,9970,9970,3548,9970.0
2015/10/6,10710,10710,9960,9990,6844,9990.0
2015/10/7,9970,10330,9970,10330,3260,10330.0
2015/10/8,10480,10790,10420,10460,18868,10460.0
2015/10/9,10610,10900,10610,10830,17593,10830.0
2015/10/13,10880,10890,10690,10690,1457,10690.0
2015/10/14,10360,10650,10360,10540,1710,10540.0
2015/10/15,10360,11000,10360,10860,9205,10860.0
2015/10/16,10840,11110,10840,11010,3536,11010.0
2015/10/19,11030,11180,10950,10970,3745,10970.0
2015/10/20,11080,11180,10990,11000,934,11000.0
2015/10/21,11170,11190,11030,11190,1826,11190.0
2015/10/22,11060,11060,10790,10850,2118,10850.0
2015/10/23,11200,11410,11200,11410,9771,11410.0
2015/10/26,11390,12060,11300,11320,11924,11320.0
2015/10/27,11160,11250,11050,11140,1130,11140.0
2015/10/28,11020,11250,11020,11150,1193,11150.0
2015/10/29,11060,11230,11060,11170,2581,11170.0
2015/10/30,11110,11110,10860,11030,3455,11030.0
2015/11/2,10720,10720,10580,10630,440,10630.0
2015/11/4,10930,11530,10930,11150,4120,11150.0
2015/11/5,11150,11390,11150,11270,5898,11270.0
2015/11/6,11380,11380,11020,11210,494,11210.0
2015/11/9,11210,11300,11200,11250,1159,11250.0
2015/11/10,10800,10910,10730,10810,2250,10810.0
2015/11/11,10810,10810,10670,10750,541,10750.0
2015/11/12,10590,10960,10590,10930,896,10930.0
2015/11/13,10740,10800,10670,10670,267,10670.0
2015/11/16,10790,10790,10300,10370,1312,10370.0
2015/11/17,10760,10870,10460,10860,247,10860.0
2015/11/18,10830,10840,10610,10610,982,10610.0
2015/11/19,10860,10860,10790,10810,3607,10810.0
2015/11/20,11000,11000,10870,10870,43,10870.0
2015/11/24,10810,11000,10790,10790,1773,10790.0
2015/11/25,10880,10970,10760,10930,1246,10930.0
2015/11/26,11020,11140,11020,11050,3262,11050.0
2015/11/27,11000,11000,10460,10520,2124,10520.0
2015/11/30,10500,10520,10350,10500,683,10500.0
2015/12/1,10360,10840,10360,10840,528,10840.0
2015/12/2,10900,10900,10730,10860,3480,10860.0
2015/12/3,10650,10820,10600,10780,2585,10780.0
2015/12/4,10490,10490,10450,10450,170,10450.0
2015/12/7,10600,10720,10600,10650,163,10650.0
2015/12/8,10300,10300,10150,10200,441,10200.0
2015/12/9,10090,10200,10080,10180,1194,10180.0
2015/12/10,9890,10090,9890,10010,869,10010.0
2015/12/11,10050,10050,9910,9910,254,9910.0
2015/12/14,9980,9980,9340,9600,1270,9600.0
2015/12/15,9300,9590,9300,9590,97,9590.0
2015/12/16,9830,10020,9830,9980,2661,9980.0
2015/12/17,10160,10310,10090,10200,387,10200.0
2015/12/18,10250,10250,10000,10220,50,10220.0
2015/12/21,9920,9960,9900,9960,351,9960.0
2015/12/22,10060,10060,9940,9970,169,9970.0
2015/12/24,10180,10310,10180,10240,2848,10240.0
2015/12/25,10210,10370,10190,10190,5538,10190.0
2015/12/28,10060,10060,10010,10010,150,10010.0
2015/12/30,10280,10310,9990,10010,870,10010.0
2016/1/4,9840,9840,9390,9390,752,9390.0
2016/1/5,9110,9480,9100,9210,2187,9210.0
2016/1/6,9360,9360,9000,9080,4159,9080.0
2016/1/7,8760,8860,8420,8510,1120,8510.0
2016/1/8,8510,8810,8320,8570,882,8570.0
2016/1/12,8490,8490,7930,7930,3395,7930.0
2016/1/13,8290,8350,8180,8350,70,8350.0
2016/1/14,7790,7930,7620,7930,4256,7930.0
2016/1/15,7930,8060,7780,7820,726,7820.0
2016/1/18,7800,7800,7440,7570,802,7570.0
2016/1/19,7500,7690,7400,7680,1764,7680.0
2016/1/20,7750,7750,7080,7130,1172,7130.0
2016/1/21,7200,7410,6950,6950,451,6950.0
2016/1/22,7410,7410,7120,7350,2329,7350.0
2016/1/25,7430,7830,7430,7550,799,7550.0
2016/1/26,7280,7280,7210,7250,4200,7250.0
2016/1/27,7440,7440,7220,7370,23,7370.0
2016/1/28,7410,7480,7380,7390,192,7390.0
2016/1/29,7890,7950,7790,7950,2374,7950.0
2016/2/1,8100,8110,7890,7890,2392,7890.0
2016/2/2,7880,7880,7750,7850,264,7850.0
2016/2/3,7840,7840,7190,7350,2012,7350.0
2016/2/4,7410,7480,7410,7430,297,7430.0
2016/2/5,7220,7490,7220,7490,265,7490.0
2016/2/9,6690,6790,6690,6720,500,6720.0
2016/2/10,6680,6760,6600,6760,275,6760.0
2016/2/12,6860,6860,6300,6540,1774,6540.0
2016/2/15,6610,6910,6610,6910,2017,6910.0
2016/2/16,7270,7290,7070,7170,2486,7170.0
2016/2/17,6930,7170,6930,7050,207,7050.0
2016/2/18,7520,7520,7070,7300,121,7300.0
2016/2/19,7190,7190,7130,7130,60,7130.0
2016/2/22,7110,7320,7110,7290,1110,7290.0
2016/2/23,7510,7510,7510,7510,40,7510.0
2016/2/24,7360,7360,7000,7000,26,7000.0
2016/2/25,6650,6930,6650,6900,315,6900.0
2016/2/26,7280,7280,7090,7140,328,7140.0
2016/2/29,7000,7000,7000,7000,1,7000.0
2016/3/2,7400,7740,7400,7740,3244,7740.0
2016/3/3,7620,7800,7620,7760,2613,7760.0
2016/3/4,7830,7830,7740,7770,451,7770.0
2016/3/7,8080,8080,7840,7900,87,7900.0
2016/3/8,7800,7800,7680,7710,358,7710.0
2016/3/9,7590,7590,7540,7550,24,7550.0
2016/3/10,7860,7860,7800,7800,13,7800.0
2016/3/11,7750,7750,7750,7750,3001,7750.0
2016/3/14,8170,8170,8080,8150,273,8150.0
2016/3/15,8070,8070,7920,7940,2064,7940.0
2016/3/17,7830,8100,7830,8010,399,8010.0
2016/3/18,8060,8080,8060,8080,2810,8080.0
2016/3/22,8170,8170,8110,8110,86,8110.0
2016/3/23,8130,8130,8070,8070,501,8070.0
2016/3/24,8040,8040,8040,8040,200,8040.0
2016/3/25,8010,8030,7860,8030,2010,8030.0
2016/3/28,8140,8140,7810,7810,91,7810.0
2016/3/29,7630,8060,7630,7980,41,7980.0
2016/3/30,7790,7790,7790,7790,1,7790.0
2016/3/31,8440,8440,8200,8250,1315,8250.0
2016/4/1,8150,8230,8030,8030,38,8030.0
2016/4/4,8030,8030,8000,8000,15,8000.0
2016/4/5,8000,8000,7660,7670,2886,7670.0
2016/4/6,7590,7590,7590,7590,3,7590.0
2016/4/7,7540,7690,7540,7590,215,7590.0
2016/4/8,7500,7500,7300,7480,452,7480.0
2016/4/11,7670,7670,7640,7640,16,7640.0
2016/4/12,7650,7680,7650,7680,600,7680.0
2016/4/13,7760,8150,7760,8150,931,8150.0
2016/4/14,8300,8520,8300,8450,801,8450.0
2016/4/15,8450,8450,8420,8440,2540,8440.0
2016/4/18,8210,8210,8160,8210,475,8210.0
2016/4/19,8290,8370,8290,8370,11,8370.0
2016/4/20,8490,8490,8210,8230,666,8230.0
2016/4/21,8720,8720,8420,8670,743,8670.0
2016/4/22,8520,8630,8510,8630,684,8630.0
2016/4/27,8560,8610,8500,8560,4000,8560.0
2016/4/28,8740,8840,8440,8450,1053,8450.0
2016/5/2,8000,8000,8000,8000,4,8000.0
2016/5/6,7660,7660,7350,7350,1698,7350.0
2016/5/9,7340,7460,7310,7400,2166,7400.0
2016/5/10,7180,7500,7180,7500,324,7500.0
2016/5/11,7460,7560,7380,7380,107,7380.0
2016/5/12,7270,7380,7270,7380,161,7380.0
2016/5/13,7190,7300,7160,7160,492,7160.0
2016/5/16,7240,7370,7240,7290,2692,7290.0
2016/5/17,7290,7310,7220,7310,2558,7310.0
2016/5/18,7180,7200,7180,7200,344,7200.0
2016/5/19,7120,7250,7120,7250,2803,7250.0
2016/5/20,7330,7370,7270,7370,4801,7370.0
2016/5/23,7430,7430,7280,7280,488,7280.0
2016/5/24,7200,7200,7200,7200,1,7200.0
2016/5/25,7500,7770,7500,7650,1415,7650.0
2016/5/26,7690,7690,7620,7650,1312,7650.0
2016/5/27,7700,7810,7670,7790,589,7790.0
2016/5/30,7850,8100,7850,8050,4024,8050.0
2016/5/31,8050,8250,8040,8250,1981,8250.0
2016/6/1,7970,8070,7970,7970,1218,7970.0
2016/6/2,7920,7920,7910,7920,540,7920.0
2016/6/3,8110,8110,8000,8000,1912,8000.0
2016/6/6,7920,7950,7920,7920,395,7920.0
2016/6/7,7930,8360,7930,8210,622,8210.0
2016/6/8,8140,8190,8140,8190,33,8190.0
2016/6/9,8310,8310,8310,8310,15,8310.0
2016/6/10,8250,8250,8250,8250,1,8250.0
2016/6/13,7700,7760,7470,7470,1509,7470.0
2016/6/14,7500,7500,7470,7480,442,7480.0
2016/6/15,7210,7480,7210,7450,18,7450.0
2016/6/16,7250,7250,7020,7080,720,7080.0
2016/6/17,7090,7120,7080,7120,20163,7120.0
2016/6/20,7030,7250,7030,7150,10625,7150.0
2016/6/21,7210,7440,7210,7310,1229,7310.0
2016/6/22,7320,7540,7260,7540,12208,7540.0
2016/6/23,7560,7650,7560,7620,1738,7620.0
2016/6/24,8290,8290,6660,6860,185,6860.0
2016/6/27,7000,7000,6910,6990,1124,6990.0
2016/6/28,7070,7070,6910,6980,21,6980.0
2016/6/29,7030,7030,7030,7030,225,7030.0
2016/6/30,7360,7540,7360,7540,8636,7540.0
2016/7/1,7350,7520,7350,7520,3983,7520.0
2016/7/4,7370,7670,7370,7670,1860,7670.0
2016/7/5,7550,7550,7430,7470,1539,7470.0
2016/7/6,7150,7150,7050,7050,697,7050.0
2016/7/7,6990,7200,6990,7200,296,7200.0
2016/7/8,7080,7130,7070,7070,16,7070.0
2016/7/11,7110,7470,7110,7340,127,7340.0
2016/7/12,7620,7650,7550,7550,10605,7550.0
2016/7/13,7650,8010,7650,7950,1404,7950.0
2016/7/14,8000,8110,7980,8110,410,8110.0
2016/7/15,8120,8400,8120,8320,1663,8320.0
2016/7/19,8240,8390,8240,8390,430,8390.0
2016/7/20,8390,8500,8390,8500,20,8500.0
2016/7/21,8600,8730,8600,8730,1341,8730.0
2016/7/22,8670,8670,8470,8490,24,8490.0
2016/7/25,8690,8690,8540,8540,12,8540.0
2016/7/26,8380,8380,8330,8330,66,8330.0
2016/7/27,8610,8740,8610,8690,25,8690.0
2016/7/28,8610,8610,8600,8610,5786,8610.0
2016/7/29,8380,8430,8380,8430,3,8430.0
2016/8/1,8450,8450,8450,8450,1,8450.0
2016/8/2,8520,8520,8260,8260,2,8260.0
2016/8/3,7810,8000,7810,8000,886,8000.0
2016/8/4,7940,7940,7940,7940,150,7940.0
2016/8/5,8300,8350,8290,8350,6,8350.0
2016/8/8,8690,8690,8400,8460,537,8460.0
2016/8/10,8590,8620,8590,8620,305,8620.0
2016/8/12,8700,8820,8700,8820,1600,8820.0
2016/8/15,8830,8980,8830,8980,3220,8980.0
2016/8/16,9060,9060,8730,8790,3804,8790.0
2016/8/17,8910,8920,8910,8920,44,8920.0
2016/8/18,8620,8900,8620,8900,2778,8900.0
2016/8/19,8880,8880,8840,8840,425,8840.0
2016/8/22,8790,8900,8790,8800,271,8800.0
2016/8/23,8700,8830,8700,8820,24,8820.0
2016/8/24,8840,8850,8740,8740,122,8740.0
2016/8/25,8660,8790,8660,8790,453,8790.0
2016/8/26,8900,8900,8900,8900,1,8900.0
2016/8/30,8870,9030,8870,9030,45,9030.0
2016/8/31,9090,9150,9090,9150,225,9150.0
2016/9/1,9150,9240,9130,9240,1116,9240.0
2016/9/2,9290,9340,9280,9340,4071,9340.0
2016/9/5,9370,9730,9370,9680,640,9680.0
2016/9/6,9680,9770,9640,9730,6701,9730.0
2016/9/7,9880,9880,9520,9570,351,9570.0
2016/9/8,9720,9720,9720,9720,1,9720.0
2016/9/9,9800,10010,9800,10010,600,10010.0
2016/9/12,9560,9860,9370,9450,38,9450.0
2016/9/13,9450,9450,9390,9430,264,9430.0
2016/9/15,9130,9300,9120,9270,2654,9270.0
2016/9/23,9570,9570,9550,9550,351,9550.0
2016/9/26,9560,9560,9240,9240,308,9240.0
2016/9/27,9010,9310,9010,9310,5,9310.0
2016/9/29,9340,9570,9340,9570,265,9570.0
2016/9/30,9600,9600,9210,9250,1253,9250.0
2016/10/3,9390,9390,9370,9370,3,9370.0
2016/10/4,9520,9520,9440,9440,11,9440.0
2016/10/5,9750,9750,9670,9670,303,9670.0
2016/10/6,9920,9920,9710,9850,6163,9850.0
2016/10/7,9850,9850,9800,9800,6,9800.0
2016/10/13,9510,9510,9170,9220,427,9220.0
2016/10/14,9220,9280,9220,9280,24,9280.0
2016/10/17,9510,9510,9120,9210,109,9210.0
2016/10/18,9150,9410,9150,9410,41,9410.0
2016/10/19,9410,9550,9390,9390,17,9390.0
2016/10/20,9340,9500,9340,9470,4,9470.0
2016/10/21,9470,9530,9470,9500,15,9500.0
2016/10/24,9500,9540,9380,9380,78,9380.0
2016/10/25,9460,9740,9460,9740,3,9740.0
2016/10/26,9500,9550,9450,9550,3,9550.0
2016/10/27,9430,9430,9280,9280,3,9280.0
2016/10/28,9210,9330,9210,9240,8,9240.0
2016/10/31,9240,9240,9080,9240,83,9240.0
2016/11/1,9240,9460,9230,9360,124,9360.0
2016/11/2,9210,9210,8960,9030,554,9030.0
2016/11/4,9080,9080,8690,8860,25,8860.0
2016/11/7,9180,9180,8950,9080,16,9080.0
2016/11/8,9340,9340,8980,9060,7,9060.0
2016/11/9,9280,9300,8190,8390,248,8390.0
2016/11/10,9130,9290,9050,9200,528,9200.0
2016/11/11,9190,9190,8900,9080,48,9080.0
2016/11/14,9070,9070,8750,8860,21,8860.0
2016/11/15,8970,8990,8700,8970,16,8970.0
2016/11/16,8970,9170,8950,9090,138,9090.0
2016/11/17,9210,9210,8750,8970,5,8970.0
2016/11/18,9180,9180,8990,9090,4,9090.0
2016/11/21,9090,9190,9090,9190,1203,9190.0
2016/11/22,9260,9480,9120,9480,514,9480.0
2016/11/24,9620,9620,9420,9570,110,9570.0
2016/11/25,9570,9780,9540,9660,810,9660.0
2016/11/28,9690,9750,9560,9750,6365,9750.0
2016/11/29,9570,9680,9560,9680,13,9680.0
2016/11/30,9780,9780,9570,9610,5,9610.0
2016/12/1,10030,10030,9800,9950,365,9950.0
2016/12/2,10020,10020,9630,9630,36,9630.0
2016/12/5,9830,9830,9500,9500,114,9500.0
2016/12/6,9760,9760,9490,9510,4,9510.0
2016/12/7,9850,9850,9670,9820,5,9820.0
2016/12/8,9900,9970,9740,9970,5308,9970.0
2016/12/9,9970,9970,9790,9810,34,9810.0
2016/12/12,9710,9920,9670,9670,49,9670.0
2016/12/13,9310,9660,9310,9580,641,9580.0
2016/12/14,9600,9750,9600,9730,514,9730.0
2016/12/15,9540,9860,9430,9490,67,9490.0
2016/12/16,9380,9610,9380,9430,4,9430.0
2016/12/19,9300,9380,9250,9250,482,9250.0
2016/12/20,9280,9280,9190,9190,408,9190.0
2016/12/21,9390,9390,9130,9340,21,9340.0
2016/12/22,9050,9320,9050,9130,2620,9130.0
2016/12/27,9000,9000,9000,9000,131,9000.0
2016/12/28,8990,9100,8990,9050,588,9050.0
2016/12/30,9180,9300,9120,9300,31,9300.0
2017/1/4,9460,9640,9460,9520,488,9520.0
2017/1/5,9580,9660,9580,9660,6,9660.0
2017/1/6,9600,9700,9600,9700,2,9700.0
2017/1/10,9690,9790,9690,9780,8018,9780.0
2017/1/11,10080,10080,9850,10040,5590,10040.0
2017/1/12,10140,10140,9900,9900,34,9900.0
2017/1/13,9810,9980,9810,9980,3,9980.0
2017/1/16,9900,10010,9700,9700,161,9700.0
2017/1/17,9730,9730,9730,9730,1,9730.0
2017/1/18,9970,10070,9970,10070,71,10070.0
2017/1/19,10010,10100,9950,9970,64,9970.0
2017/1/20,9950,9980,9890,9890,172,9890.0
2017/1/24,9890,9890,9890,9890,30,9890.0
2017/1/26,10150,10260,10150,10240,443,10240.0
2017/1/27,10250,10410,10250,10410,2819,10410.0
2017/1/30,10410,10450,10300,10300,85,10300.0
2017/1/31,10110,10110,10070,10110,271,10110.0
2017/2/1,9970,9970,9970,9970,1448,9970.0
2017/2/2,10040,10040,10040,10040,5,10040.0
2017/2/3,9950,9980,9950,9980,20,9980.0
2017/2/7,10090,10090,10090,10090,121,10090.0
2017/2/8,10200,10200,10200,10200,8,10200.0
2017/2/9,10250,10310,10230,10240,62,10240.0
2017/2/10,10320,10540,10320,10540,8,10540.0
2017/2/13,10440,10590,10440,10540,32,10540.0
2017/2/14,10640,10640,10420,10440,5169,10440.0
2017/2/15,10600,10950,10560,10950,268,10950.0
2017/2/16,10820,11000,10820,10930,12,10930.0
2017/2/17,11000,11000,10700,10820,2412,10820.0
2017/2/20,10850,10850,10550,10820,112,10820.0
2017/2/21,10900,10980,10880,10940,65,10940.0
2017/2/22,10800,10930,10800,10920,58,10920.0
2017/2/23,10820,10900,10800,10830,4,10830.0
2017/2/24,10770,10920,10690,10690,55,10690.0
2017/2/27,10510,10650,10510,10640,9,10640.0
2017/2/28,10610,10640,10580,10580,452,10580.0
2017/3/1,10440,10580,10440,10580,45,10580.0
2017/3/2,10560,10860,10560,10750,14,10750.0
2017/3/3,10410,10460,10400,10410,207,10410.0
2017/3/6,10500,10500,10420,10420,5,10420.0
2017/3/7,10490,10490,10490,10490,1,10490.0
2017/3/8,10410,10550,10410,10550,5,10550.0
2017/3/9,10480,10480,10400,10400,3,10400.0
2017/3/10,10490,10490,10490,10490,10,10490.0
2017/3/13,10640,10640,10640,10640,1,10640.0
2017/3/14,10640,10640,10640,10640,1,10640.0
2017/3/15,10640,10640,10640,10640,1,10640.0
2017/3/16,10810,10870,10790,10830,8129,10830.0
2017/3/17,10830,11040,10830,11040,2221,11040.0
2017/3/21,11280,11280,11130,11240,56,11240.0
2017/3/22,10740,10880,10730,10850,59,10850.0
2017/3/23,10710,10710,10710,10710,21,10710.0
2017/3/24,10790,10880,10780,10780,7,10780.0
2017/3/27,10750,10750,10690,10690,3,10690.0
2017/3/28,10890,10890,10730,10730,8,10730.0
2017/3/29,10900,10900,10850,10890,78,10890.0
2017/3/30,10730,10750,10730,10750,28,10750.0
2017/3/31,10780,10780,10750,10760,640,10760.0
2017/4/3,10700,10700,10680,10680,14,10680.0
2017/4/4,10680,10680,10680,10680,1,10680.0
2017/4/5,10680,10680,10680,10680,13,10680.0
2017/4/6,10690,10690,10670,10670,140,10670.0
2017/4/7,10690,10690,10690,10690,80,10690.0
2017/4/10,10720,10750,10720,10750,3,10750.0
2017/4/11,10500,10530,10470,10530,5,10530.0
2017/4/12,10380,10430,10240,10390,27,10390.0
2017/4/14,10450,10450,10450,10450,8,10450.0
2017/4/17,10370,10370,10370,10370,2,10370.0
2017/4/18,10330,10350,10270,10300,7,10300.0
2017/4/19,10200,10200,10010,10100,17,10100.0
2017/4/20,10090,10210,10090,10210,613,10210.0
2017/4/24,10500,10500,10340,10450,2660,10450.0
2017/4/26,10920,11010,10920,11010,420,11010.0
2017/4/28,11080,11080,11010,11010,392,11010.0
2017/5/1,11030,11030,11030,11030,10,11030.0
2017/5/2,11070,11250,11060,11080,1268,11080.0
2017/5/8,11230,11230,11020,11130,148,11130.0
2017/5/9,11200,11250,11200,11240,890,11240.0
2017/5/10,11520,11780,11520,11750,1387,11750.0
2017/5/11,11750,11800,11680,11750,3652,11750.0
2017/5/12,11540,11690,11540,11690,160,11690.0
2017/5/15,11790,11790,11790,11790,3,11790.0
2017/5/16,11990,11990,11870,11870,153,11870.0
2017/5/18,11330,11340,11330,11340,56,11340.0
2017/5/22,11550,11760,11550,11710,63,11710.0
2017/5/23,11610,11740,11610,11740,101,11740.0
2017/5/24,11800,11800,11800,11800,3,11800.0
2017/5/25,11970,11990,11710,11990,71,11990.0
2017/5/26,12000,12000,11960,11960,2,11960.0
2017/5/29,12070,12070,11940,11990,525,11990.0
2017/5/30,11920,11920,11920,11920,3,11920.0
2017/5/31,12030,12050,12000,12030,144,12030.0
2017/6/1,11990,12030,11990,12030,201,12030.0
2017/6/2,12040,12210,12040,12210,33,12210.0
2017/6/5,12090,12200,12050,12080,239,12080.0
2017/6/6,11990,12050,11990,12050,51,12050.0
2017/6/9,12300,12300,12140,12210,112,12210.0
2017/6/12,12210,12210,11910,11910,15,11910.0
2017/6/13,11950,12000,11950,12000,170,12000.0
2017/6/14,11950,11950,11950,11950,2,11950.0
2017/6/15,11690,11710,11690,11710,8,11710.0
2017/6/16,11940,11940,11940,11940,1,11940.0
2017/6/19,12090,12090,12090,12090,376,12090.0
2017/6/20,12180,12180,12180,12180,15,12180.0
2017/6/21,11910,11960,11910,11950,33,11950.0
2017/6/22,11920,12010,11920,12010,4,12010.0
2017/6/23,12010,12010,12010,12010,2,12010.0
2017/6/26,12000,12020,12000,12020,49,12020.0
2017/6/28,12280,12280,12090,12100,704,12100.0
2017/6/30,12010,12010,12010,12010,5,12010.0
2017/7/5,11710,11890,11710,11890,3,11890.0
2017/7/6,11930,11930,11930,11930,2,11930.0
2017/7/7,11810,11810,11810,11810,1,11810.0
2017/7/10,12000,12000,12000,12000,4,12000.0
2017/7/11,12400,12450,12400,12450,19,12450.0
2017/7/12,12450,12560,12450,12500,235,12500.0
2017/7/13,12670,12750,12670,12750,3,12750.0
2017/7/18,12930,12930,12930,12930,1,12930.0
2017/7/20,12900,13000,12900,13000,101,13000.0
2017/7/21,13120,13120,13030,13030,17,13030.0
2017/7/24,12950,12980,12950,12980,5,12980.0
2017/7/25,13000,13050,13000,13010,8,13010.0
2017/7/26,13110,13150,13070,13110,21,13110.0
2017/7/27,13250,13250,13080,13200,5,13200.0
2017/7/28,13160,13160,13110,13120,131,13120.0
2017/7/31,13300,13300,13300,13300,1,13300.0
2017/8/1,13430,13610,13370,13550,37,13550.0
2017/8/2,13780,13780,13680,13760,1132,13760.0
2017/8/3,13720,13720,13700,13700,16,13700.0
2017/8/4,13710,13710,13520,13520,27,13520.0
2017/8/7,13800,13800,13800,13800,1,13800.0
2017/8/8,13800,13830,13670,13810,369,13810.0
2017/8/9,13860,13860,13640,13640,57,13640.0
2017/8/10,13610,13610,13270,13350,1138,13350.0
2017/8/14,13060,13060,13020,13050,68,13050.0
2017/8/15,13500,13500,13340,13360,1502,13360.0
2017/8/16,13290,13350,13290,13350,19,13350.0
2017/8/17,13460,13460,13270,13270,502,13270.0
2017/8/18,13000,13000,13000,13000,2,13000.0
2017/8/22,13020,13020,13020,13020,5,13020.0
2017/8/23,13730,13730,13710,13730,9,13730.0
2017/8/24,13170,13390,13170,13390,102,13390.0
2017/8/25,13460,13640,13460,13640,2,13640.0
2017/8/28,13920,13920,13870,13870,46,13870.0
2017/8/29,13460,13630,13460,13630,26,13630.0
2017/8/30,13710,13910,13710,13910,22,13910.0
2017/8/31,13890,13900,13890,13900,338,13900.0
2017/9/1,13880,14000,13880,13980,12,13980.0
2017/9/6,13400,13410,13400,13410,50,13410.0
2017/9/11,13720,13740,13720,13740,43,13740.0
2017/9/12,13810,13810,13810,13810,1,13810.0
2017/9/13,13990,13990,13820,13820,24,13820.0
2017/9/15,13870,13870,13860,13860,120,13860.0
2017/9/19,14160,14370,14160,14370,781,14370.0
2017/9/20,14310,14310,14230,14230,17,14230.0
2017/9/21,14370,14470,14350,14360,222,14360.0
2017/9/22,14290,14290,14020,14020,3425,14020.0
2017/9/25,14210,14210,13720,13760,70,13760.0
2017/9/26,13640,13700,13610,13700,39,13700.0
2017/9/28,13850,13890,13850,13890,44,13890.0
2017/9/29,13830,13830,13830,13830,1,13830.0
2017/10/2,14030,14030,14020,14020,21,14020.0
2017/10/3,14010,14350,14010,14350,153,14350.0
2017/10/4,14440,14630,14440,14620,169,14620.0
2017/10/5,14750,14770,14750,14760,133,14760.0
2017/10/6,14710,14710,14710,14710,112,14710.0
2017/10/11,14710,14710,14710,14710,7,14710.0
2017/10/12,14710,14710,14710,14710,12,14710.0
2017/10/13,14540,14570,14540,14570,27,14570.0
2017/10/16,14770,14880,14770,14870,92,14870.0
2017/10/17,14960,14960,14960,14960,100,14960.0
2017/10/18,14960,14960,14960,14960,7,14960.0
2017/10/19,15060,15060,15030,15030,66,15030.0
2017/10/20,14430,14760,14430,14760,203,14760.0
2017/10/23,14800,14800,14770,14770,37,14770.0
2017/10/24,14650,14650,14650,14650,199,14650.0
2017/10/25,14610,14910,14610,14810,173,14810.0
2017/10/26,14500,14560,14500,14550,148,14550.0
2017/10/30,15090,15090,14760,14890,107,14890.0
2017/10/31,14530,14550,14520,14520,101,14520.0
2017/11/1,14760,14760,14570,14570,10,14570.0
2017/11/6,15000,15000,15000,15000,6,15000.0
2017/11/7,15100,15480,15100,15480,69,15480.0
2017/11/8,15080,15400,15080,15400,55,15400.0
2017/11/9,15300,15560,15300,15380,810,15380.0
2017/11/10,15440,15440,15440,15440,9,15440.0
2017/11/13,15490,15510,15470,15470,89,15470.0
2017/11/14,15680,15680,15650,15650,11,15650.0
2017/11/15,15610,15610,15210,15250,113,15250.0
2017/11/16,15200,15390,15200,15390,231,15390.0
2017/11/17,15790,15790,15410,15570,285,15570.0
2017/11/20,15350,15350,15210,15340,74,15340.0
2017/11/21,15470,15910,15470,15910,208,15910.0
2017/11/22,16710,16710,16300,16310,199,16310.0
2017/11/24,16050,16050,15830,15830,471,15830.0
2017/11/27,16390,16390,15780,15820,392,15820.0
2017/11/28,15760,15780,15550,15550,388,15550.0
2017/11/30,15500,15500,15390,15390,16,15390.0
2017/12/1,15500,15590,15390,15590,249,15590.0
2017/12/4,15190,15510,15190,15420,141,15420.0
2017/12/5,15370,15370,15370,15370,95,15370.0
2017/12/6,15110,15110,14660,14660,17,14660.0
2017/12/7,14490,14580,14410,14580,216,14580.0
2017/12/8,14830,14840,14740,14810,37,14810.0
2017/12/11,15020,15190,15020,15190,166,15190.0
2017/12/12,15100,15240,15100,15180,380,15180.0
2017/12/13,15010,15320,15010,15320,8,15320.0
2017/12/14,15760,15760,15600,15600,19,15600.0
2017/12/15,15070,15070,15000,15050,84,15050.0
2017/12/18,15050,15130,15050,15130,81,15130.0
2017/12/19,15590,15590,15190,15540,47,15540.0
2017/12/20,15140,15540,15140,15540,3,15540.0
2017/12/21,15390,15600,15370,15600,692,15600.0
2017/12/22,15680,15710,15670,15710,1009,15710.0
2017/12/25,15990,15990,15990,15990,11,15990.0
2017/12/27,15990,15990,15820,15840,38,15840.0
2017/12/28,15990,16050,15980,15990,3962,15990.0
2017/12/29,16240,16240,16100,16100,118,16100.0
2018/1/4,17000,17130,16790,17130,3059,17130.0
2018/1/5,17410,17410,17100,17130,285,17130.0
2018/1/9,17140,17480,17050,17210,242,17210.0
2018/1/10,17400,17450,17230,17230,130,17230.0
2018/1/11,17110,17200,17110,17140,148,17140.0
2018/1/12,17390,17390,17300,17300,131,17300.0
2018/1/15,17500,17840,17500,17800,270,17800.0
2018/1/16,17310,17940,17310,17800,475,17800.0
2018/1/17,17980,17980,17760,17930,79,17930.0
2018/1/18,18660,18660,18100,18170,2465,18170.0
2018/1/19,18480,18480,18190,18420,387,18420.0
2018/1/22,18570,18580,18160,18470,1427,18470.0
2018/1/23,18700,19170,18600,18920,453,18920.0
2018/1/24,19240,19290,18870,19080,1791,19080.0
2018/1/25,19100,19100,18710,18770,367,18770.0
2018/1/26,18670,19190,18560,19100,270,19100.0
2018/1/29,19500,19500,19000,19060,467,19060.0
2018/1/30,18850,18960,18420,18420,1902,18420.0
2018/1/31,18370,18710,18370,18420,1137,18420.0
2018/2/1,18700,19080,18700,19080,4,19080.0
2018/2/2,18450,18770,18350,18630,114,18630.0
2018/2/5,17670,18100,17650,18100,729,18100.0
2018/2/6,17160,17160,16170,16600,4638,16600.0
2018/2/7,17040,17250,16600,16600,2101,16600.0
2018/2/8,17070,17070,15980,16220,29,16220.0
2018/2/9,15600,15600,14800,14900,507,14900.0
2018/2/13,14960,15650,14960,15400,131,15400.0
2018/2/14,15430,15590,15100,15590,342,15590.0
2018/2/15,15890,16430,15890,16420,886,16420.0
2018/2/16,16420,16740,16420,16670,62,16670.0
2018/2/19,16650,16650,16140,16350,1141,16350.0
2018/2/20,16720,16720,15960,16310,270,16310.0
2018/2/21,16340,16540,16340,16540,7,16540.0
2018/2/22,16740,16780,16420,16590,147,16590.0
2018/2/23,16890,16890,16440,16570,303,16570.0
2018/2/26,16700,16750,16630,16730,61,16730.0
2018/2/27,17130,17130,16800,16800,81,16800.0
2018/2/28,16750,16750,16000,16130,65,16130.0
2018/3/1,16000,16160,15680,16040,315,16040.0
2018/3/2,15670,15750,15590,15720,172,15720.0
2018/3/5,15500,15690,15020,15230,100,15230.0
2018/3/6,15240,15500,15240,15500,22,15500.0
2018/3/7,15310,15720,15300,15720,133,15720.0
2018/3/8,15310,15780,15310,15780,78,15780.0
2018/3/9,15780,16210,15780,16210,18,16210.0
2018/3/12,16680,16680,16540,16660,606,16660.0
2018/3/13,16700,16700,16500,16690,161,16690.0
2018/3/14,16290,16400,16270,16390,27,16390.0
2018/3/15,16460,16600,16460,16460,44,16460.0
2018/3/16,16470,16520,16400,16520,35,16520.0
2018/3/19,16520,16630,16520,16630,16,16630.0
2018/3/20,16390,16550,16310,16550,1590,16550.0
2018/3/22,16530,16620,16260,16520,211,16520.0
2018/3/23,16030,16030,14810,14810,867,14810.0
2018/3/26,14800,15120,14800,15000,48,15000.0
2018/3/27,15760,15800,15690,15700,40,15700.0
2018/3/28,15360,15360,15210,15210,6,15210.0
2018/3/29,15350,15470,15020,15180,107,15180.0
2018/3/30,15690,15690,15680,15680,51,15680.0
2018/4/2,15400,15670,15250,15250,87,15250.0
2018/4/3,15000,15000,14800,14930,85,14930.0
2018/4/4,15350,15350,15060,15060,14,15060.0
2018/4/5,15530,15530,15530,15530,2,15530.0
2018/4/6,14820,14820,14820,14820,2,14820.0
2018/4/9,14860,15530,14860,15400,51,15400.0
2018/4/10,15310,15750,15310,15750,396,15750.0
2018/4/11,15980,16070,15970,16030,87,16030.0
2018/4/12,16030,16030,15810,16000,21,16000.0
2018/4/13,16180,16180,15980,16080,48,16080.0
2018/4/16,16000,16000,15440,15440,43,15440.0
2018/4/17,15700,15700,15200,15320,777,15320.0
2018/4/18,15420,15530,15210,15520,100,15520.0
2018/4/19,15690,15830,15690,15830,4,15830.0
2018/4/20,15870,15900,15700,15700,157,15700.0
2018/4/23,15630,15630,15630,15630,10,15630.0
2018/4/24,15490,15880,15480,15880,122,15880.0
2018/4/25,15710,15710,15600,15630,2312,15630.0
2018/4/26,15970,15970,15970,15970,4,15970.0
2018/4/27,15630,15630,15360,15400,87,15400.0
2018/5/1,15800,15900,15800,15800,52,15800.0
2018/5/2,15960,16160,15960,16030,128,16030.0
2018/5/7,15230,15400,15140,15400,67,15400.0
2018/5/8,15490,15700,15450,15700,27,15700.0
2018/5/9,15520,15900,15520,15900,14,15900.0
2018/5/10,15950,16350,15950,16180,208,16180.0
2018/5/11,16400,16800,16400,16790,1773,16790.0
2018/5/14,16360,16990,16360,16980,28,16980.0
2018/5/15,17000,17000,16770,16770,47,16770.0
2018/5/16,16550,16740,16440,16730,134,16730.0
2018/5/17,16750,16900,16580,16590,133,16590.0
2018/5/18,16550,16600,16550,16600,5,16600.0
2018/5/21,16400,17250,16400,17080,349,17080.0
2018/5/22,17140,17140,17000,17000,10,17000.0
2018/5/23,16760,16770,16510,16510,47,16510.0
2018/5/24,16370,16370,16050,16100,21,16100.0
2018/5/25,16100,16100,16100,16100,1,16100.0
2018/5/28,16160,16170,16000,16070,13,16070.0
2018/5/29,15940,15940,15840,15840,7,15840.0
2018/5/30,15500,15500,15270,15270,10,15270.0
2018/5/31,15550,15880,15500,15500,36,15500.0
2018/6/1,15550,15790,15550,15790,41,15790.0
2018/6/4,15990,16310,15910,16310,41,16310.0
2018/6/5,16350,16580,16350,16580,9,16580.0
2018/6/6,16790,16790,16790,16790,1,16790.0
2018/6/7,16890,16970,16890,16970,202,16970.0
2018/6/8,16730,16730,16470,16470,1118,16470.0
2018/6/11,16770,16770,16420,16530,10,16530.0
2018/6/12,16790,16800,16700,16700,103,16700.0
2018/6/14,16180,16180,15900,15900,19,15900.0
2018/6/15,15900,15900,15900,15900,12,15900.0
2018/6/18,15510,15910,15510,15910,85,15910.0
2018/6/19,15270,15270,14950,14950,3132,14950.0
2018/6/20,15050,15230,14810,15230,58,15230.0
2018/6/21,15260,15260,14870,14930,212,14930.0
2018/6/22,14500,14770,14500,14710,47,14710.0
2018/6/25,15020,15020,14350,14350,105,14350.0
2018/6/26,14350,14390,13830,14260,289,14260.0
2018/6/27,14160,14160,14010,14010,14,14010.0
2018/6/28,14140,14140,13800,13840,1025,13840.0
2018/6/29,13840,13990,13840,13930,1009,13930.0
2018/7/2,14460,14470,14260,14260,26,14260.0
2018/7/3,13920,13920,13500,13890,338,13890.0
2018/7/4,14080,14080,13600,13680,17,13680.0
2018/7/5,13390,13460,13360,13360,26,13360.0
2018/7/6,13830,13970,13460,13970,2012,13970.0
2018/7/9,14200,14240,14100,14190,92,14190.0
2018/7/10,14460,14620,14240,14370,182,14370.0
2018/7/11,14250,14250,13510,13680,1318,13680.0
2018/7/12,13900,14160,13900,14160,201,14160.0
2018/7/13,14370,14370,14250,14250,31,14250.0
2018/7/17,14250,14250,13810,13810,60,13810.0
2018/7/18,14110,14110,13870,13870,32,13870.0
2018/7/19,13830,14000,13790,13860,32,13860.0
2018/7/20,13660,13780,13430,13780,2246,13780.0
2018/7/23,13780,13780,13590,13780,421,13780.0
2018/7/24,13880,14250,13800,14200,1158,14200.0
2018/7/25,14260,14690,14260,14390,376,14390.0
2018/7/26,14670,14670,14090,14160,414,14160.0
2018/7/27,14160,14210,14100,14160,468,14160.0
2018/7/30,13940,14220,13940,14080,387,14080.0
2018/7/31,14290,14290,13990,13990,79,13990.0
2018/8/1,14500,14590,14150,14150,30,14150.0
2018/8/2,13990,13990,13180,13290,920,13290.0
2018/8/3,13170,13220,13160,13160,160,13160.0
2018/8/6,13390,13440,13160,13410,462,13410.0
2018/8/7,13420,13520,13420,13520,32,13520.0
2018/8/8,13690,13840,13630,13800,198,13800.0
2018/8/9,14000,14040,13960,14040,44,14040.0
2018/8/10,13950,13950,13800,13800,27,13800.0
2018/8/13,13700,13700,13160,13160,208,13160.0
2018/8/14,13160,13190,12950,12960,160,12960.0
2018/8/15,13130,13130,12840,12840,23,12840.0
2018/8/16,12840,12840,12400,12590,113,12590.0
2018/8/17,12640,12810,12640,12670,63,12670.0
2018/8/20,12420,12880,12420,12800,58,12800.0
2018/8/21,12750,13010,12750,13010,285,13010.0
2018/8/22,13310,13310,13070,13070,41,13070.0
2018/8/23,13390,13390,13100,13100,201,13100.0
2018/8/24,13070,13370,13070,13370,5,13370.0
2018/8/27,13640,13640,13470,13600,90,13600.0
2018/8/28,14000,14180,13740,13740,69,13740.0
2018/8/29,13790,13850,13710,13850,163,13850.0
2018/8/30,13950,13990,13910,13910,3,13910.0
2018/8/31,13210,13670,13210,13240,145,13240.0
2018/9/3,13110,13230,13010,13010,21,13010.0
2018/9/4,12900,13200,12900,13200,167,13200.0
2018/9/5,12960,13000,12930,12930,15,12930.0
2018/9/6,12530,12860,12450,12450,99,12450.0
2018/9/7,12420,12490,12160,12220,100,12220.0
2018/9/10,12220,12220,12120,12120,226,12120.0
2018/9/11,12100,12200,12010,12090,37,12090.0
2018/9/12,12130,12130,11840,11910,168,11910.0
2018/9/13,12120,12360,12120,12160,26,12160.0
2018/9/14,12450,13000,12450,12740,273,12740.0
2018/9/18,12310,12330,12210,12330,123,12330.0
2018/9/19,12900,12940,12770,12940,163,12940.0
2018/9/20,13340,13340,12860,12940,113,12940.0
2018/9/21,13400,13410,13240,13410,238,13410.0
2018/9/25,13260,13260,12990,13030,136,13030.0
2018/9/26,13270,13600,13270,13600,176,13600.0
2018/9/27,13390,13390,13370,13370,52,13370.0
2018/9/28,13600,13600,13560,13560,52,13560.0
2018/10/1,13550,13600,13220,13600,115,13600.0
2018/10/2,13260,13590,12980,12980,201,12980.0
2018/10/3,12950,12950,12540,12730,271,12730.0
2018/10/4,12800,12900,12430,12440,1415,12440.0
2018/10/5,12480,12480,12150,12280,23,12280.0
2018/10/9,12010,12040,11830,11960,1077,11960.0
2018/10/10,12000,12090,11960,12000,449,12000.0
2018/10/11,11870,11870,10830,10880,4244,10880.0
2018/10/12,11410,11420,11100,11410,220,11410.0
2018/10/15,11580,11580,11020,11090,99,11090.0
2018/10/16,11050,11300,11030,11030,152,11030.0
2018/10/17,11230,11290,11180,11180,3009,11180.0
2018/10/18,11690,11690,11000,11090,111,11090.0
2018/10/19,10830,11240,10440,11240,150,11240.0
2018/10/22,11280,11800,11280,11800,136,11800.0
2018/10/23,11860,11860,11170,11170,179,11170.0
2018/10/24,11140,11260,11000,11110,54,11110.0
2018/10/25,10510,10510,10410,10490,353,10490.0
2018/10/26,10960,10960,10290,10480,124,10480.0
2018/10/29,10710,10730,10350,10440,747,10440.0
2018/10/30,10550,10600,10400,10600,86,10600.0
2018/10/31,10510,10580,10490,10530,51,10530.0
2018/11/1,11120,11120,11020,11100,66,11100.0
2018/11/2,11180,11940,11180,11850,489,11850.0
2018/11/5,12150,12150,11390,11450,507,11450.0
2018/11/6,11710,11720,11460,11530,59,11530.0
2018/11/7,11710,12000,11510,11510,563,11510.0
2018/11/8,11870,12000,11870,11970,452,11970.0
2018/11/9,12000,12000,11280,11410,172,11410.0
2018/11/12,11320,11500,11310,11350,171,11350.0
2018/11/13,11380,11380,11380,11380,4,11380.0
2018/11/14,11450,11450,11450,11450,1,11450.0
2018/11/15,11600,11600,11250,11420,45,11420.0
2018/11/16,11710,11840,11620,11690,118,11690.0
2018/11/19,11850,11850,11600,11800,169,11800.0
2018/11/20,11980,11980,11360,11380,38,11380.0
2018/11/21,10930,10940,10920,10920,52,10920.0
2018/11/22,11480,11600,11480,11600,12,11600.0
2018/11/26,11400,11910,11400,11890,60,11890.0
2018/11/27,12160,12160,12000,12000,143,12000.0
2018/11/28,12130,12180,12030,12180,58,12180.0
2018/11/29,12180,12480,12020,12040,187,12040.0
2018/11/30,12080,12080,12080,12080,20,12080.0
2018/12/3,12040,12790,12040,12650,5235,12650.0
2018/12/4,12620,12620,12350,12350,100,12350.0
2018/12/5,12110,12680,12110,12160,60,12160.0
2018/12/6,12130,12130,11420,11420,616,11420.0
2018/12/7,11170,11560,11170,11560,115,11560.0
2018/12/10,11740,11890,11040,11040,23,11040.0
2018/12/12,11280,11860,11280,11860,16,11860.0
2018/12/13,11960,11980,11940,11940,40,11940.0
2018/12/14,11570,11570,11570,11570,1,11570.0
2018/12/19,11180,11190,11180,11190,275,11190.0
2018/12/20,10910,10940,10910,10930,137,10930.0
2018/12/21,10740,11440,10740,11260,148,11260.0
2018/12/25,10570,11170,10490,10490,219,10490.0
2018/12/26,11000,11000,10520,10700,143,10700.0
2018/12/27,11040,11330,11040,11330,211,11330.0
2018/12/28,10820,10820,10760,10780,140,10780.0
2019/1/4,10030,10100,10000,10100,51,10100.0
2019/1/7,11190,11200,10670,10670,36,10670.0
2019/1/8,10980,10980,10800,10800,2,10800.0
2019/1/9,11460,11630,11210,11390,337,11390.0
2019/1/10,11200,11500,11120,11120,112,11120.0
2019/1/11,11730,11730,11330,11330,55,11330.0
2019/1/16,11320,11570,11320,11570,8,11570.0
2019/1/17,11590,11590,11590,11590,1,11590.0
2019/1/18,11800,12260,11800,12000,33,12000.0
2019/1/21,12260,12260,11870,11880,28,11880.0
2019/1/22,11980,11980,11800,11800,913,11800.0
2019/1/23,11640,11870,11640,11800,57,11800.0
2019/1/24,11720,11720,11720,11720,1,11720.0
2019/1/25,12290,12320,12260,12320,253,12320.0
2019/1/28,12920,12920,12340,12340,284,12340.0
2019/1/29,12220,12220,12220,12220,50,12220.0
2019/1/30,12210,12210,12210,12210,20,12210.0
2019/1/31,12790,12790,12530,12530,46,12530.0
2019/2/1,12790,12800,12650,12650,208,12650.0
2019/2/4,12790,12990,12570,12980,163,12980.0
2019/2/5,12880,12880,12870,12870,307,12870.0
2019/2/6,12990,13300,12980,13230,602,13230.0
2019/2/7,13090,13090,12560,12650,153,12650.0
2019/2/8,12560,12560,12410,12550,317,12550.0
2019/2/12,13240,13270,13240,13260,21,13260.0
2019/2/13,13190,13190,13060,13190,63,13190.0
2019/2/14,13590,13590,13190,13190,222,13190.0
2019/2/15,13120,13120,12790,12790,126,12790.0
2019/2/18,13110,13480,13110,13480,26,13480.0
2019/2/19,13180,13180,13150,13150,6,13150.0
2019/2/20,13230,13350,13230,13310,311,13310.0
2019/2/21,13400,13690,13400,13690,91,13690.0
2019/2/22,13460,13590,13270,13590,40,13590.0
2019/2/25,13800,13890,13590,13610,559,13610.0
2019/2/26,13680,13850,13550,13560,46,13560.0
2019/2/27,13590,13890,13590,13620,113,13620.0
2019/2/28,13700,13700,13490,13490,31,13490.0
2019/3/1,13400,13610,13400,13610,74,13610.0
2019/3/4,14170,14220,14000,14210,135,14210.0
2019/3/5,14110,14110,13760,13760,60,13760.0
2019/3/6,13760,14310,13760,14010,103,14010.0
2019/3/7,13800,13800,13760,13760,11,13760.0
2019/3/8,13510,13510,13140,13140,58,13140.0
2019/3/11,13190,13360,13190,13360,2,13360.0
2019/3/12,13660,13700,13660,13690,24,13690.0
2019/3/13,13540,13600,13540,13600,11,13600.0
2019/3/14,13680,13680,13630,13630,3,13630.0
2019/3/15,13700,13930,13700,13930,394,13930.0
2019/3/18,13990,14200,13990,14020,11,14020.0
2019/3/19,14320,14440,14320,14440,130,14440.0
2019/3/20,14370,14370,14150,14150,25,14150.0
2019/3/22,14000,14000,13610,13690,154,13690.0
2019/3/25,13520,13520,13200,13240,8,13240.0
2019/3/26,13130,13490,13130,13410,8,13410.0
2019/3/27,13390,13390,13360,13380,226,13380.0
2019/3/28,13400,13400,13400,13400,20,13400.0
2019/3/29,13640,13800,13640,13800,17,13800.0
2019/4/1,14000,14400,14000,14240,17,14240.0
2019/4/2,14310,14390,14310,14390,48,14390.0
2019/4/3,14500,14780,14260,14610,116,14610.0
2019/4/4,14780,14980,14550,14550,80,14550.0
2019/4/5,14990,14990,14620,14620,81,14620.0
2019/4/8,14840,14840,14710,14720,412,14720.0
2019/4/9,14840,14890,14730,14830,224,14830.0
2019/4/10,14530,14930,14530,14750,6,14750.0
2019/4/11,14580,14840,14580,14840,12,14840.0
2019/4/12,14770,14770,14700,14710,110,14710.0
2019/4/15,14650,15090,14650,15040,49,15040.0
2019/4/16,15040,15060,14650,15060,123,15060.0
2019/4/17,15090,15100,14730,14820,18,14820.0
2019/4/18,14900,14900,14900,14900,10,14900.0
2019/4/19,14720,14980,14710,14710,17,14710.0
2019/4/23,14790,14790,14650,14650,41,14650.0
2019/4/24,14730,14730,14620,14620,13,14620.0
2019/4/25,14330,14540,14330,14540,210,14540.0
2019/4/26,14240,14750,14240,14320,15,14320.0
2019/5/7,14290,14290,13760,13760,37,13760.0
2019/5/8,13750,13750,13060,13600,34,13600.0
2019/5/9,13900,13900,13170,13170,25,13170.0
2019/5/10,13360,13360,12940,13030,88,13030.0
2019/5/13,13030,13030,12790,12790,115,12790.0
2019/5/14,12780,12850,12500,12850,534,12850.0
2019/5/15,12830,13080,12830,13080,28,13080.0
2019/5/16,13060,13060,12630,12790,869,12790.0
2019/5/17,12710,12710,12500,12500,10,12500.0
2019/5/20,12800,12800,12400,12400,19,12400.0
2019/5/21,12310,12310,12290,12300,6,12300.0
2019/5/22,12580,12580,12320,12320,22,12320.0
2019/5/23,12680,12680,12000,12000,30,12000.0
2019/5/24,11610,11990,11610,11820,1068,11820.0
2019/5/27,12400,12400,11770,11770,299,11770.0
2019/5/28,12290,12290,12010,12130,13,12130.0
2019/5/29,12340,12340,11800,11800,514,11800.0
2019/5/30,11800,11800,11800,11800,1,11800.0
2019/5/31,11860,11860,11500,11500,42,11500.0
2019/6/3,11500,11500,11390,11390,12,11390.0
2019/6/4,11390,11390,11380,11380,24,11380.0
2019/6/5,11570,11750,11560,11580,97,11580.0
2019/6/6,11580,11640,11570,11640,82,11640.0
2019/6/7,11840,11840,11710,11710,13,11710.0
2019/6/10,12010,12030,11710,11710,37,11710.0
2019/6/11,11990,12100,11990,12100,1071,12100.0
2019/6/12,12170,12180,11690,11690,154,11690.0
2019/6/13,11640,11780,11500,11780,62,11780.0
2019/6/14,11360,11360,11360,11360,26,11360.0
2019/6/17,11660,11990,11660,11990,1593,11990.0
2019/6/18,11800,12040,11800,12000,129,12000.0
2019/6/19,12050,12500,12050,12490,116,12490.0
2019/6/20,12780,12790,12410,12620,134,12620.0
2019/6/21,12610,12610,12570,12570,66,12570.0
2019/6/24,12310,12630,12310,12630,108,12630.0
2019/6/25,12440,12440,12230,12230,60,12230.0
2019/6/27,12880,12900,12880,12900,65,12900.0
2019/6/28,12650,12910,12640,12910,71,12910.0
2019/7/1,12950,13400,12950,13400,217,13400.0
2019/7/2,13320,13320,13020,13080,46,13080.0
2019/7/3,13020,13020,12910,12930,24,12930.0
2019/7/4,12890,13070,12890,12990,68,12990.0
2019/7/5,12910,12980,12910,12980,55,12980.0
2019/7/8,12760,12760,12500,12500,211,12500.0
2019/7/17,12930,12930,12570,12570,103,12570.0
2019/7/18,12500,12500,12500,12500,1,12500.0
2019/7/19,12480,12480,12430,12430,42,12430.0
2019/7/22,12910,12910,12910,12910,8,12910.0
2019/7/24,12530,13050,12530,12830,347,12830.0
2019/7/25,12650,12980,12650,12720,456,12720.0
2019/7/26,12520,12860,12520,12860,4,12860.0
2019/7/31,12390,12400,12390,12400,13,12400.0
2019/8/1,12190,12190,11900,12060,103,12060.0
2019/8/2,11160,11460,11160,11160,157,11160.0
2019/8/5,11160,11160,10500,10670,378,10670.0
2019/8/6,10270,10780,10270,10350,121,10350.0
2019/8/7,10360,10500,10340,10500,118,10500.0
2019/8/8,10660,10760,10470,10760,145,10760.0
2019/8/9,10760,10760,10760,10760,18,10760.0
2019/8/13,10650,10650,10020,10020,156,10020.0
2019/8/14,10620,10620,9830,9830,95,9830.0
2019/8/15,9750,10040,9700,9990,102,9990.0
2019/8/16,10250,10250,10190,10190,2,10190.0
2019/8/19,10340,10500,10340,10430,73,10430.0
2019/8/20,10600,10900,10600,10900,136,10900.0
2019/8/21,10600,10660,10310,10500,5,10500.0
2019/8/22,10800,10800,10310,10310,219,10310.0
2019/8/23,10260,10780,10260,10780,72,10780.0
2019/8/26,10270,10760,9700,10020,272,10020.0
2019/8/27,10450,10450,10040,10050,212,10050.0
2019/8/28,9930,9930,9930,9930,4,9930.0
2019/8/29,10000,10320,9950,10180,251,10180.0
2019/8/30,10150,10260,10040,10040,289,10040.0
2019/9/2,10250,10250,9890,9890,57,9890.0
2019/9/3,9890,10270,9800,10270,56,10270.0
2019/9/4,10100,10350,10100,10350,63,10350.0
2019/9/5,10800,10870,10800,10820,630,10820.0
2019/9/6,10850,10950,10620,10830,392,10830.0
2019/9/9,10710,10880,10710,10820,148,10820.0
2019/9/10,11070,11070,11070,11070,50,11070.0
2019/9/11,11280,11300,11070,11230,587,11230.0
2019/9/12,11370,11620,11320,11320,64,11320.0
2019/9/13,11370,11500,11370,11500,19,11500.0
2019/9/17,11500,11500,11150,11150,284,11150.0
2019/9/18,11120,11390,11040,11040,51,11040.0
2019/9/19,10930,10930,10820,10820,4,10820.0
2019/9/20,11120,11120,11120,11120,5,11120.0
2019/9/24,11140,11140,10800,10800,188,10800.0
2019/9/25,10720,10720,10500,10700,276,10700.0
2019/9/26,10400,10570,10290,10570,30,10570.0
2019/9/27,10270,10680,10200,10680,387,10680.0
2019/9/30,10680,10680,10680,10680,5,10680.0
2019/10/1,10680,10680,10240,10240,157,10240.0
2019/10/2,10250,10350,10250,10350,9,10350.0
2019/10/3,10250,10250,10250,10250,10,10250.0
2019/10/4,10540,10540,10540,10540,1,10540.0
2019/10/7,10540,10540,10310,10310,9,10310.0
2019/10/8,10670,10670,10670,10670,5,10670.0
2019/10/9,10020,10180,10020,10150,71,10150.0
2019/10/10,10160,10160,10160,10160,1,10160.0
2019/10/11,10610,10650,10390,10650,182,10650.0
2019/10/15,11350,11350,10830,10830,345,10830.0
2019/10/16,11000,11000,10900,10900,47,10900.0
2019/10/17,11010,11300,11000,11030,133,11030.0
2019/10/18,11030,11030,11030,11030,10,11030.0
2019/10/21,11190,11190,11030,11030,65,11030.0
2019/10/23,10820,11110,10820,11040,512,11040.0
2019/10/24,11100,11100,11050,11050,91,11050.0
2019/10/25,11110,11110,11110,11110,55,11110.0
2019/10/28,11180,11190,11180,11190,508,11190.0
2019/10/29,11180,11190,11180,11180,19,11180.0
2019/10/30,11350,11350,11350,11350,1,11350.0
2019/10/31,11370,11370,11370,11370,10,11370.0
2019/11/1,11180,11180,11180,11180,10,11180.0
2019/11/5,12330,12330,11720,11800,538,11800.0
2019/11/6,11730,11850,11720,11850,130,11850.0
2019/11/7,11900,12040,11730,12040,109,12040.0
2019/11/8,12200,12200,11870,11870,94,11870.0
2019/11/11,11710,11710,11710,11710,6,11710.0
2019/11/12,12010,12010,11150,11290,150,11290.0
2019/11/13,11590,11590,11000,11000,87,11000.0
2019/11/14,10700,10980,10670,10850,564,10850.0
2019/11/15,10840,11070,10600,11030,162,11030.0
2019/11/18,11180,11180,10930,11020,205,11020.0
2019/11/19,11210,11210,11210,11210,5,11210.0
2019/11/20,11300,11460,11060,11080,62,11080.0
2019/11/21,11140,11140,10750,11030,75,11030.0
2019/11/22,11000,11180,11000,11170,65,11170.0
2019/11/25,11210,11470,11210,11330,135,11330.0
2019/11/26,11490,11490,11170,11390,58,11390.0
2019/11/27,11400,11400,11400,11400,25,11400.0
2019/11/28,11400,11400,11200,11400,57,11400.0
2019/11/29,11170,11210,10900,10970,175,10970.0
2019/12/2,10830,11180,10830,11000,58,11000.0
2019/12/3,10800,10810,10620,10800,82,10800.0
2019/12/4,10410,10660,10370,10600,36,10600.0
2019/12/5,10780,10810,10730,10730,1007,10730.0
2019/12/6,10450,10870,10450,10750,16,10750.0
2019/12/9,10980,10990,10900,10990,36,10990.0
2019/12/11,11000,11060,10950,11060,544,11060.0
2019/12/12,11100,11180,11090,11130,100,11130.0
2019/12/13,11300,11800,11300,11740,1885,11740.0
2019/12/16,11790,11890,11680,11890,214,11890.0
2019/12/17,11940,12230,11900,12230,139,12230.0
2019/12/18,12230,12250,12000,12000,32,12000.0
2019/12/19,12050,12050,11900,11910,50,11910.0
2019/12/20,11880,12040,11880,12000,36,12000.0
2019/12/23,11870,11910,11870,11910,53,11910.0
2019/12/24,11990,11990,11850,11990,7,11990.0
2019/12/25,11940,11940,11930,11930,69,11930.0
2019/12/26,11940,12150,11940,11950,36,11950.0
2019/12/27,12210,12350,12200,12310,81,12310.0
2019/12/30,12320,12480,12320,12480,51,12480.0
2020/1/6,12120,12120,12090,12090,12,12090.0
2020/1/7,12340,12400,12340,12400,159,12400.0
2020/1/8,12500,12500,12170,12170,145,12170.0
2020/1/10,12590,12850,12530,12650,602,12650.0
2020/1/14,12880,13540,12880,13050,311,13050.0
2020/1/15,13350,13350,12810,12810,105,12810.0
2020/1/16,13070,13070,12850,12850,33,12850.0
2020/1/17,12910,13100,12910,12960,74,12960.0
2020/1/20,13120,13130,13050,13070,11,13070.0
2020/1/21,12800,12800,12440,12550,110,12550.0
2020/1/22,12450,12550,12200,12550,8,12550.0
2020/1/23,12870,12870,11850,11850,41,11850.0
2020/1/24,11860,12450,11860,12300,16,12300.0
2020/1/27,12300,12300,12000,12090,469,12090.0
2020/1/28,12000,12000,11700,11800,30,11800.0
2020/1/29,11700,11820,11670,11670,406,11670.0
2020/1/30,11580,11580,11070,11070,142,11070.0
2020/1/31,11230,11230,11000,11000,649,11000.0
2020/2/3,11040,11050,10780,10820,760,10820.0
2020/2/4,11060,11140,10900,11140,85,11140.0
2020/2/5,11670,11670,11260,11260,2242,11260.0
2020/2/6,11730,12070,11210,11860,2627,11860.0
2020/2/7,11610,12000,11610,11630,337,11630.0
2020/2/10,11930,11930,11280,11580,221,11580.0
2020/2/12,12000,12200,11740,12120,467,12120.0
2020/2/13,12240,12500,12050,12050,216,12050.0
2020/2/14,11930,12200,11930,12120,46,12120.0
2020/2/17,12410,12410,12210,12250,135,12250.0
2020/2/18,12140,12140,11870,11870,115,11870.0
2020/2/19,12010,12010,11680,11900,111,11900.0
2020/2/20,12110,12130,12070,12070,9,12070.0
2020/2/21,12300,12300,11930,11930,5,11930.0
2020/2/25,11580,11590,11390,11390,66,11390.0
2020/2/26,11420,11440,11090,11260,149,11260.0
2020/2/27,11210,11390,11000,11100,95,11100.0
2020/2/28,11000,11000,10580,10670,165,10670.0
2020/3/2,10650,10770,10350,10760,48,10760.0
2020/3/3,10830,10980,10530,10780,564,10780.0
2020/3/4,10510,10700,10430,10650,318,10650.0
2020/3/5,10650,10850,10650,10850,54,10850.0
2020/3/6,10440,10500,10190,10390,133,10390.0
2020/3/9,10330,10330,9150,9160,244,9160.0
2020/3/10,8910,9770,8910,9740,413,9740.0
2020/3/11,9960,9960,9460,9460,22,9460.0
2020/3/12,9300,9300,8640,8650,68,8650.0
2020/3/13,7510,8700,7510,8260,1216,8260.0
2020/3/16,8710,8930,8030,8030,136,8030.0
2020/3/17,8000,8320,7800,7960,228,7960.0
2020/3/18,8190,8190,8000,8000,57,8000.0
2020/3/19,7880,7880,6850,7050,397,7050.0
2020/3/23,7590,8440,7340,7450,257,7450.0
2020/3/24,7480,7900,7350,7900,264,7900.0
2020/3/25,8600,8680,8210,8580,496,8580.0
2020/3/26,8680,8680,8270,8440,126,8440.0
2020/3/27,8590,8700,8320,8440,384,8440.0
2020/3/30,8480,8480,8010,8240,282,8240.0
2020/3/31,8240,8520,8240,8360,106,8360.0
2020/4/1,8200,8340,8100,8100,65,8100.0
2020/4/2,8000,8000,7780,8000,45,8000.0
2020/4/3,7860,8040,7860,8040,50,8040.0
2020/4/6,8490,8500,7760,8500,150,8500.0
2020/4/7,8600,8820,8500,8700,201,8700.0
2020/4/8,8800,8820,8800,8810,117,8810.0
2020/4/9,8710,8910,8710,8850,311,8850.0
2020/4/10,9040,9060,9000,9050,272,9050.0
2020/4/13,9130,9130,8850,8850,54,8850.0
2020/4/14,8960,9140,8940,9070,1667,9070.0
2020/4/15,9070,9070,8880,8890,36,8890.0
2020/4/16,8760,8760,8600,8750,1073,8750.0
2020/4/17,9030,9120,9000,9120,165,9120.0
2020/4/20,9040,9080,8870,8910,605,8910.0
2020/4/21,8870,8870,8490,8540,522,8540.0
2020/4/22,8420,8420,8420,8420,4,8420.0
2020/4/23,8670,8690,8670,8690,148,8690.0
2020/4/27,8390,8850,8260,8850,116,8850.0
2020/4/28,9060,9060,8770,8900,797,8900.0
2020/4/30,9020,9220,9020,9030,172,9030.0
2020/5/1,8920,8940,8910,8920,408,8920.0
2020/5/7,8600,8600,8470,8470,30,8470.0
2020/5/8,8330,8750,8330,8750,232,8750.0
2020/5/11,9000,9180,9000,9000,300,9000.0
2020/5/12,8920,8920,8720,8830,131,8830.0
2020/5/13,8800,8830,8660,8730,372,8730.0
2020/5/14,8490,8540,8490,8500,19,8500.0
2020/5/15,8590,8590,8390,8540,127,8540.0
2020/5/18,8320,8590,8320,8590,15,8590.0
2020/5/19,8950,8950,8870,8870,26,8870.0
2020/5/20,9020,9020,8850,8850,487,8850.0
2020/5/21,9180,9180,8730,8810,219,8810.0
2020/5/22,8310,8600,7790,7950,4015,7950.0
2020/5/25,7950,7980,7610,7790,3772,7790.0
2020/5/26,8090,8230,7810,8230,1882,8230.0
2020/5/27,8300,8300,7970,8000,1108,8000.0
2020/5/28,7990,8110,7750,7940,1470,7940.0
2020/5/29,7900,7940,7700,7820,5627,7820.0
2020/6/1,7850,8480,7850,8450,2112,8450.0
2020/6/2,8450,8630,8400,8460,5323,8460.0
2020/6/3,8900,9150,8760,8860,1831,8860.0
2020/6/4,9250,9260,8880,8910,2648,8910.0
2020/6/5,8990,9160,8900,9160,2326,9160.0
2020/6/8,9450,9890,9270,9280,976,9280.0
2020/6/9,9300,9500,9240,9480,4398,9480.0
2020/6/10,9340,9500,9240,9370,321,9370.0
2020/6/11,9370,9370,8920,9040,612,9040.0
2020/6/12,8030,8690,8020,8600,814,8600.0
2020/6/15,8300,8640,8300,8300,1343,8300.0
2020/6/16,8480,8930,8480,8850,229,8850.0
2020/6/17,8700,8810,8670,8770,472,8770.0
2020/6/18,8600,8750,8590,8710,141,8710.0
2020/6/19,8660,8800,8660,8750,35,8750.0
2020/6/22,8470,8960,8460,8940,384,8940.0
2020/6/23,9000,9200,8760,9090,191,9090.0
2020/6/24,9060,9150,9040,9040,189,9040.0
2020/6/25,8740,8940,8710,8790,108,8790.0
2020/6/26,8970,9060,8930,8930,2047,8930.0
2020/6/29,8700,8890,8590,8590,2303,8590.0
2020/6/30,8890,8920,8760,8900,211,8900.0
2020/7/1,8880,8890,8880,8890,46,8890.0
2020/7/2,8800,9290,8650,9160,344,9160.0
2020/7/3,9610,10660,9520,9640,23743,9640.0
2020/7/6,9700,10340,9640,10120,9327,10120.0
2020/7/7,10520,10690,10110,10140,8279,10140.0
2020/7/8,10050,10200,9890,10090,7698,10090.0
2020/7/9,10070,10190,10000,10070,2754,10070.0
2020/7/10,9770,10000,9590,9620,3345,9620.0
2020/7/13,9620,10030,9620,9980,1472,9980.0
2020/7/14,9970,9970,9380,9560,2492,9560.0
2020/7/15,9710,9980,9390,9490,1540,9490.0
2020/7/16,9660,9670,9250,9360,2215,9360.0
2020/7/17,9300,9380,9210,9230,475,9230.0
2020/7/20,9080,9290,9000,9270,2223,9270.0
2020/7/21,9300,9590,9300,9550,2828,9550.0
2020/7/22,9700,9700,9430,9580,257,9580.0
2020/7/27,8830,9030,8770,8770,2399,8770.0
2020/7/28,8670,8950,8650,8770,1312,8770.0
2020/7/29,8910,8910,8640,8820,537,8820.0
2020/7/30,8840,9090,8840,9060,1935,9060.0
2020/7/31,8810,8970,8630,8630,771,8630.0
2020/8/3,8630,8680,8510,8550,121,8550.0
2020/8/4,8830,9050,8790,9000,1687,9000.0
2020/8/5,9110,9170,9000,9040,1041,9040.0
2020/8/6,8930,9280,8760,8890,361,8890.0
2020/8/7,8990,8990,8500,8650,196,8650.0
2020/8/11,8530,9100,8530,9020,499,9020.0
2020/8/12,9170,9170,8910,8980,176,8980.0
2020/8/13,9290,9500,9220,9220,402,9220.0
2020/8/14,9180,9460,9180,9310,131,9310.0
2020/8/17,9220,9550,9220,9500,165,9500.0
2020/8/18,9500,9550,9220,9370,589,9370.0
2020/8/19,9150,9360,9150,9150,128,9150.0
2020/8/20,9030,9030,8800,8800,237,8800.0
2020/8/21,9090,9100,8930,9040,145,9040.0
2020/8/24,9190,9400,9190,9370,455,9370.0
2020/8/25,9400,9550,9290,9320,564,9320.0
2020/8/26,9350,9380,9300,9360,321,9360.0
2020/8/27,9380,9380,9030,9210,4648,9210.0
2020/8/28,9210,9510,9210,9510,938,9510.0
2020/8/31,9440,9580,9420,9540,584,9540.0
2020/9/1,9270,9270,9080,9160,345,9160.0
2020/9/2,9010,9150,9000,9070,212,9070.0
2020/9/3,9050,9170,8920,9020,287,9020.0
2020/9/4,8870,8940,8680,8680,288,8680.0
2020/9/7,8640,8920,8600,8770,615,8770.0
2020/9/8,8920,8920,8600,8700,111,8700.0
2020/9/9,8500,8640,8480,8640,255,8640.0
2020/9/10,8750,8820,8700,8700,33,8700.0
2020/9/11,8670,8670,8520,8620,188,8620.0
2020/9/14,8600,8820,8580,8800,244,8800.0
2020/9/15,8830,8840,8790,8830,34,8830.0
2020/9/16,8830,8980,8800,8800,221,8800.0
2020/9/17,8920,8920,8500,8560,936,8560.0
2020/9/18,8680,8680,8400,8500,466,8500.0
2020/9/23,8120,8130,8020,8120,653,8120.0
2020/9/24,8040,8040,7770,7790,1233,7790.0
2020/9/25,8060,8060,7810,7820,373,7820.0
2020/9/28,7940,7940,7760,7860,317,7860.0
2020/9/29,7900,8040,7810,7920,503,7920.0
2020/9/30,8040,8050,7840,7890,329,7890.0
2020/10/2,8010,8010,8000,8000,191,8000.0
2020/10/5,8380,8380,8100,8120,1106,8120.0
2020/10/6,8390,8390,8220,8280,947,8280.0
2020/10/7,8280,8400,8280,8360,904,8360.0
2020/10/8,8400,8650,8280,8400,988,8400.0
2020/10/9,8550,8550,8340,8460,279,8460.0
2020/10/12,8460,8720,8360,8720,249,8720.0
2020/10/13,8870,8920,8810,8890,5227,8890.0
2020/10/14,8920,8970,8610,8800,1092,8800.0
2020/10/15,8740,8740,8500,8620,215,8620.0
2020/10/16,8350,8680,8330,8490,505,8490.0
2020/10/19,8760,8760,8550,8580,343,8580.0
2020/10/20,8600,8610,8380,8610,820,8610.0
2020/10/21,8690,8890,8680,8740,1474,8740.0
2020/10/22,8560,8710,8560,8630,111,8630.0
2020/10/23,8720,8890,8660,8780,408,8780.0
2020/10/26,8780,8820,8590,8610,71,8610.0
2020/10/27,8610,8680,8600,8680,131,8680.0
2020/10/28,8560,8650,8500,8650,513,8650.0
2020/10/29,8200,8480,8200,8470,1380,8470.0
2020/10/30,8500,8500,8260,8400,3500,8400.0
2020/11/2,8260,8410,8200,8350,443,8350.0
2020/11/4,8730,8880,8560,8820,1066,8820.0
2020/11/5,9120,9400,9060,9170,1609,9170.0
2020/11/6,9620,9620,9150,9200,549,9200.0
2020/11/9,9200,9640,9200,9490,1666,9490.0
2020/11/10,9950,10040,9610,9610,2177,9610.0
2020/11/11,9970,9970,9720,9950,303,9950.0
2020/11/12,9810,9950,9670,9670,1125,9670.0
2020/11/13,9600,9620,9510,9580,895,9580.0
2020/11/16,9590,9880,9590,9690,271,9690.0
2020/11/17,9980,9980,9740,9750,450,9750.0
2020/11/18,9610,9950,9600,9800,116,9800.0
2020/11/19,9900,9900,9800,9800,640,9800.0
2020/11/20,9910,9910,9640,9730,87,9730.0
2020/11/24,9700,9900,9700,9880,499,9880.0
2020/11/25,9950,10230,9940,10020,444,10020.0
2020/11/26,10020,10020,9800,9970,150,9970.0
2020/11/27,9970,10000,9970,9990,196,9990.0
2020/11/30,9860,10140,9850,9850,142,9850.0
2020/12/1,9800,9930,9650,9890,247,9890.0
2020/12/2,9780,9900,9770,9770,15,9770.0
2020/12/3,9780,10030,9780,9960,579,9960.0
2020/12/4,9880,9900,9790,9900,169,9900.0
2020/12/7,9880,10000,9680,9710,175,9710.0
2020/12/8,9590,9770,9400,9630,563,9630.0
2020/12/9,9550,9970,9550,9830,156,9830.0
2020/12/10,9530,9720,9530,9700,183,9700.0
2020/12/11,9770,9780,9760,9780,56,9780.0
2020/12/14,9840,9840,9830,9840,7,9840.0
2020/12/15,9550,9550,9550,9550,14,9550.0
2020/12/16,9820,9820,9700,9700,67,9700.0
2020/12/17,9640,9710,9640,9710,65,9710.0
2020/12/18,9790,9850,9710,9780,432,9780.0
2020/12/21,9560,9780,9560,9670,39,9670.0
2020/12/22,9760,9760,9600,9600,22,9600.0
2020/12/23,9500,9530,9460,9520,170,9520.0
2020/12/24,9600,9660,9510,9630,140,9630.0
2020/12/25,9600,9600,9550,9600,21,9600.0
2020/12/28,9600,9760,9510,9730,269,9730.0
2020/12/29,9900,9900,9810,9870,162,9870.0
2020/12/30,10060,10220,9850,10030,627,10030.0
2021/1/4,10590,10590,10060,10470,724,10470.0
2021/1/5,10390,10490,10300,10490,100,10490.0
2021/1/6,10450,10630,10350,10510,586,10510.0
2021/1/7,10650,10790,10400,10470,358,10470.0
2021/1/8,10780,10810,10420,10790,552,10790.0
2021/1/12,10990,11140,10780,11090,761,11090.0
2021/1/13,11340,11340,11000,11200,509,11200.0
2021/1/14,11350,11350,11220,11220,383,11220.0
2021/1/15,11580,11580,11220,11240,421,11240.0
2021/1/18,11610,11610,11280,11410,433,11410.0
2021/1/19,11460,12490,11460,12270,1374,12270.0
2021/1/20,12200,12450,12200,12390,880,12390.0
2021/1/21,12500,12750,12440,12590,658,12590.0
2021/1/22,12590,12590,12010,12160,915,12160.0
2021/1/25,12390,12600,12330,12410,482,12410.0
2021/1/26,12320,12590,11930,11960,887,11960.0
2021/1/27,11960,12150,11850,11910,445,11910.0
2021/1/28,11320,11800,11300,11420,508,11420.0
2021/1/29,11720,11720,11200,11260,630,11260.0
2021/2/1,11200,11710,11200,11620,564,11620.0
2021/2/2,11500,12220,11500,11950,723,11950.0
2021/2/3,12160,12180,11800,11950,564,11950.0
2021/2/4,12140,12140,11630,11730,468,11730.0
2021/2/5,12290,12290,11980,12010,402,12010.0
2021/2/8,12180,12400,12010,12200,1108,12200.0
2021/2/9,12110,12240,12000,12020,508,12020.0
2021/2/10,12320,12570,12070,12390,1130,12390.0
2021/2/12,12560,13150,12470,12910,1572,12910.0
2021/2/15,13220,13220,12980,13100,1969,13100.0
2021/2/16,13140,13330,13100,13120,761,13120.0
2021/2/17,12820,13490,12810,13490,2318,13490.0
2021/2/18,13680,13700,13100,13280,766,13280.0
2021/2/19,12710,13150,12710,12920,1301,12920.0
2021/2/22,13210,13550,13160,13160,373,13160.0
2021/2/24,13340,13340,12340,12340,954,12340.0
2021/2/25,12900,13070,12600,13020,418,13020.0
2021/2/26,12020,12490,11960,11970,1449,11970.0
2021/3/1,11960,12350,11960,12120,514,12120.0
2021/3/2,12350,12610,11890,11970,674,11970.0
2021/3/3,12330,12430,12180,12430,49,12430.0
2021/3/4,12610,12610,11760,12090,1267,12090.0
2021/3/5,12110,12310,11700,12310,535,12310.0
2021/3/8,12700,12700,11680,11800,2533,11800.0
2021/3/9,11820,12230,11680,11940,552,11940.0
2021/3/10,12240,12480,11940,11940,625,11940.0
2021/3/11,11900,12500,11900,12470,480,12470.0
2021/3/12,12560,12560,12300,12340,263,12340.0
2021/3/15,12250,12250,11910,11950,1146,11950.0
2021/3/16,12020,12310,11960,12040,552,12040.0
2021/3/17,12120,12280,12050,12150,159,12150.0
2021/3/18,12200,12540,12200,12450,317,12450.0
2021/3/19,12470,12470,12040,12050,574,12050.0
2021/3/22,12300,12300,11940,12090,351,12090.0
2021/3/23,12320,12330,11680,11720,482,11720.0
2021/3/24,11420,11710,11100,11100,679,11100.0
2021/3/25,11100,11290,11000,11120,559,11120.0
2021/3/26,11200,11690,11200,11690,288,11690.0
2021/3/29,11690,11690,11200,11510,199,11510.0
2021/3/30,11690,11960,11650,11900,150,11900.0
2021/3/31,11940,12170,11820,11920,420,11920.0
2021/4/1,12220,12220,11860,11980,134,11980.0
2021/4/2,12160,12160,12020,12080,283,12080.0
2021/4/5,12090,12250,12090,12250,1198,12250.0
2021/4/6,12290,12440,12100,12100,210,12100.0
2021/4/7,12080,12310,11990,12060,235,12060.0
2021/4/8,11460,12100,11460,12100,716,12100.0
2021/4/9,12100,12180,11800,11800,315,11800.0
2021/4/12,11660,12180,11550,11550,945,11550.0
2021/4/13,11830,11980,11780,11780,161,11780.0
2021/4/14,11650,12000,11650,11890,765,11890.0
2021/4/15,11760,11970,11640,11720,92,11720.0
2021/4/16,11840,12230,11810,12230,627,12230.0
2021/4/19,12150,12200,11900,12130,282,12130.0
2021/4/20,11800,12090,11790,12080,223,12080.0
