2011/5/11,396,399,396,396,13800,396.0
2011/5/12,394,397,394,395,14300,395.0
2011/5/13,397,397,388,391,94400,391.0
2011/5/16,360,367,348,348,254000,348.0
2011/5/17,348,360,342,360,116700,360.0
2011/5/18,360,364,355,357,45300,357.0
2011/5/19,360,366,357,359,39800,359.0
2011/5/20,360,364,355,359,32400,359.0
2011/5/23,353,358,344,346,54500,346.0
2011/5/24,344,350,343,347,34700,347.0
2011/5/25,351,352,347,349,15000,349.0
2011/5/26,355,355,344,344,50900,344.0
2011/5/27,347,348,344,345,14600,345.0
2011/5/30,348,349,346,348,7500,348.0
2011/5/31,345,351,345,350,24400,350.0
2011/6/1,355,359,348,358,68700,358.0
2011/6/2,355,355,348,348,31700,348.0
2011/6/3,348,352,344,344,26400,344.0
2011/6/6,342,344,335,343,37700,343.0
2011/6/7,337,346,337,341,26900,341.0
2011/6/8,340,340,332,334,43000,334.0
2011/6/9,331,331,326,326,50800,326.0
2011/6/10,330,334,328,329,56900,329.0
2011/6/13,324,336,323,332,53200,332.0
2011/6/14,335,344,331,344,39300,344.0
2011/6/15,348,355,346,353,70900,353.0
2011/6/16,349,356,343,356,19400,356.0
2011/6/17,355,358,343,355,47100,355.0
2011/6/20,350,350,342,342,54400,342.0
2011/6/21,344,344,335,338,24100,338.0
2011/6/22,338,343,336,339,34800,339.0
2011/6/23,339,344,337,341,15600,341.0
2011/6/24,341,348,341,347,25000,347.0
2011/6/27,360,360,345,349,36500,349.0
2011/6/28,348,354,347,354,17700,354.0
2011/6/29,355,359,355,359,35300,359.0
2011/6/30,361,361,351,355,37800,355.0
2011/7/1,357,362,356,360,58900,360.0
2011/7/4,370,370,360,362,63500,362.0
2011/7/5,364,364,355,362,82500,362.0
2011/7/6,360,362,359,362,22400,362.0
2011/7/7,362,362,358,361,29600,361.0
2011/7/8,360,370,360,368,53900,368.0
2011/7/11,365,370,362,369,58200,369.0
2011/7/12,365,365,354,363,67000,363.0
2011/7/13,363,363,357,361,29200,361.0
2011/7/14,361,362,355,359,28700,359.0
2011/7/15,359,367,356,356,12900,356.0
2011/7/19,348,360,348,359,39500,359.0
2011/7/20,360,360,352,354,17600,354.0
2011/7/21,350,353,348,352,46300,352.0
2011/7/22,353,353,349,350,18600,350.0
2011/7/25,349,358,347,355,47700,355.0
2011/7/26,345,353,344,349,124700,349.0
2011/7/27,351,351,344,345,33100,345.0
2011/7/28,343,345,342,342,20700,342.0
2011/7/29,341,346,341,343,31900,343.0
2011/8/1,340,349,340,345,24000,345.0
2011/8/2,346,346,339,341,28400,341.0
2011/8/3,334,334,331,334,30300,334.0
2011/8/4,332,337,331,335,28900,335.0
2011/8/5,316,327,316,327,60400,327.0
2011/8/8,321,325,310,311,52300,311.0
2011/8/9,280,307,280,302,177800,302.0
2011/8/10,305,316,302,302,106300,302.0
2011/8/11,300,307,299,304,35100,304.0
2011/8/12,308,309,302,305,48500,305.0
2011/8/15,304,309,302,309,18900,309.0
2011/8/16,311,311,298,298,63700,298.0
2011/8/17,299,299,294,299,72100,299.0
2011/8/18,295,296,285,288,124300,288.0
2011/8/19,283,293,280,285,44900,285.0
2011/8/22,285,290,284,289,26300,289.0
2011/8/23,293,293,285,290,27700,290.0
2011/8/24,291,291,287,287,21000,287.0
2011/8/25,287,290,286,287,44100,287.0
2011/8/26,290,292,290,292,39900,292.0
2011/8/29,295,298,292,297,13200,297.0
2011/8/30,295,302,295,300,30600,300.0
2011/8/31,299,300,297,299,12800,299.0
2011/9/1,298,303,298,299,29400,299.0
2011/9/2,300,301,293,296,16900,296.0
2011/9/5,292,295,290,291,27200,291.0
2011/9/6,291,291,280,282,38000,282.0
2011/9/7,285,292,285,289,21600,289.0
2011/9/8,294,294,283,290,16200,290.0
2011/9/9,284,291,284,285,58900,285.0
2011/9/12,285,285,281,283,24100,283.0
2011/9/13,283,286,272,281,43500,281.0
2011/9/14,281,284,274,274,33400,274.0
2011/9/15,275,278,273,274,31300,274.0
2011/9/16,275,283,274,283,55700,283.0
2011/9/20,276,280,275,277,12800,277.0
2011/9/21,274,278,273,274,16300,274.0
2011/9/22,270,276,268,270,42000,270.0
2011/9/26,265,265,252,252,60800,252.0
2011/9/27,257,262,254,261,48200,261.0
2011/9/28,262,265,256,262,22300,262.0
2011/9/29,262,262,254,255,68100,255.0
2011/9/30,257,257,246,250,102000,250.0
2011/10/3,247,248,240,242,74900,242.0
2011/10/4,233,240,232,233,83200,233.0
2011/10/5,237,237,224,227,55600,227.0
2011/10/6,231,233,227,229,38000,229.0
2011/10/7,231,234,230,231,51700,231.0
2011/10/11,235,238,232,234,58500,234.0
2011/10/12,234,243,232,240,67700,240.0
2011/10/13,245,252,244,252,75800,252.0
2011/10/14,252,258,252,257,54800,257.0
2011/10/17,258,268,258,264,54700,264.0
2011/10/18,260,261,257,259,19700,259.0
2011/10/19,261,261,248,253,48700,253.0
2011/10/20,246,247,243,247,28500,247.0
2011/10/21,245,250,244,247,7700,247.0
2011/10/24,248,250,240,248,16500,248.0
2011/10/25,248,251,246,246,5900,246.0
2011/10/26,252,253,246,253,22200,253.0
2011/10/27,253,253,249,253,12100,253.0
2011/10/28,256,257,251,254,29200,254.0
2011/10/31,255,258,253,255,12900,255.0
2011/11/1,257,257,251,253,19300,253.0
2011/11/2,250,253,244,247,48300,247.0
2011/11/4,248,252,238,243,24400,243.0
2011/11/7,243,246,241,243,22400,243.0
2011/11/8,245,250,244,249,12400,249.0
2011/11/9,248,251,247,250,24600,250.0
2011/11/10,247,249,243,243,18300,243.0
2011/11/11,246,256,240,245,54400,245.0
2011/11/14,251,259,250,258,51000,258.0
2011/11/15,257,264,255,259,32300,259.0
2011/11/16,251,262,244,251,46800,251.0
2011/11/17,245,248,244,245,28300,245.0
2011/11/18,246,255,241,246,26600,246.0
2011/11/21,249,253,243,247,24300,247.0
2011/11/22,244,248,243,248,9100,248.0
2011/11/24,241,244,241,244,16700,244.0
2011/11/25,244,258,244,246,58300,246.0
2011/11/28,254,254,244,248,38400,248.0
2011/11/29,252,283,247,283,336500,283.0
2011/11/30,300,323,288,295,1004300,295.0
2011/12/1,305,305,288,292,270400,292.0
2011/12/2,292,292,278,284,224500,284.0
2011/12/5,290,304,286,293,176200,293.0
2011/12/6,290,291,281,281,77600,281.0
2011/12/7,282,291,279,288,66500,288.0
2011/12/8,285,290,280,283,101400,283.0
2011/12/9,281,283,279,281,31700,281.0
2011/12/12,285,292,283,286,123400,286.0
2011/12/13,286,298,286,292,101000,292.0
2011/12/14,295,295,282,285,140900,285.0
2011/12/15,285,289,279,286,157200,286.0
2011/12/16,282,285,276,278,77400,278.0
2011/12/19,275,280,268,270,49900,270.0
2011/12/20,261,273,256,266,101700,266.0
2011/12/21,270,272,266,267,25300,267.0
2011/12/22,269,269,258,267,72300,267.0
2011/12/26,274,274,258,265,100900,265.0
2011/12/27,266,268,264,264,39200,264.0
2011/12/28,266,273,266,271,53800,271.0
2011/12/29,273,287,268,280,95300,280.0
2011/12/30,282,286,271,276,68000,276.0
2012/1/4,279,292,278,288,89300,288.0
2012/1/5,289,290,284,284,59500,284.0
2012/1/6,278,296,278,293,174000,293.0
2012/1/10,294,301,293,295,136600,295.0
2012/1/11,296,297,290,291,60900,291.0
2012/1/12,293,294,288,291,51800,291.0
2012/1/13,291,297,289,295,63100,295.0
2012/1/16,292,293,288,291,52900,291.0
2012/1/17,293,294,289,292,18300,292.0
2012/1/18,293,293,289,291,25800,291.0
2012/1/19,290,293,287,292,40600,292.0
2012/1/20,292,295,286,293,93700,293.0
2012/1/23,297,306,296,302,174800,302.0
2012/1/24,306,310,302,303,161700,303.0
2012/1/25,307,343,303,330,816800,330.0
2012/1/26,335,338,310,315,364600,315.0
2012/1/27,318,324,312,315,147900,315.0
2012/1/30,312,314,306,306,79300,306.0
2012/1/31,306,306,301,305,89800,305.0
2012/2/1,306,306,302,304,46700,304.0
2012/2/2,297,301,295,297,200800,297.0
2012/2/3,297,299,296,298,62100,298.0
2012/2/6,298,302,298,302,72700,302.0
2012/2/7,303,308,300,304,187300,304.0
2012/2/8,303,311,302,310,136900,310.0
2012/2/9,312,348,308,337,738500,337.0
2012/2/10,334,338,329,336,303200,336.0
2012/2/13,395,395,367,369,1073900,369.0
2012/2/14,365,383,365,383,373500,383.0
2012/2/15,388,397,380,385,536700,385.0
2012/2/16,381,385,375,376,228400,376.0
2012/2/17,382,385,377,379,150000,379.0
2012/2/20,381,386,380,382,142900,382.0
2012/2/21,379,383,377,379,88500,379.0
2012/2/22,379,384,376,383,153400,383.0
2012/2/23,385,387,383,385,126300,385.0
2012/2/24,385,387,380,385,134600,385.0
2012/2/27,387,393,387,387,201800,387.0
2012/2/28,384,384,376,380,234100,380.0
2012/2/29,383,386,382,386,154600,386.0
2012/3/1,384,388,375,376,271300,376.0
2012/3/2,378,379,373,373,123500,373.0
2012/3/5,375,376,369,372,144900,372.0
2012/3/6,372,377,363,377,140400,377.0
2012/3/7,368,373,365,368,117200,368.0
2012/3/8,370,374,369,374,59500,374.0
2012/3/9,376,384,371,377,219600,377.0
2012/3/12,382,385,370,372,269300,372.0
2012/3/13,372,375,369,372,91700,372.0
2012/3/14,374,377,373,375,88500,375.0
2012/3/15,374,374,371,373,61300,373.0
2012/3/16,372,373,365,371,143200,371.0
2012/3/19,370,370,365,365,90600,365.0
2012/3/21,363,364,358,358,135800,358.0
2012/3/22,358,364,358,358,92800,358.0
2012/3/23,357,357,353,356,116100,356.0
2012/3/26,359,359,355,356,90900,356.0
2012/3/27,356,362,355,361,71500,361.0
2012/3/28,357,358,352,354,46500,354.0
2012/3/29,355,357,354,357,36400,357.0
2012/3/30,358,363,358,360,86600,360.0
2012/4/2,360,364,360,364,60200,364.0
2012/4/3,363,363,358,359,43800,359.0
2012/4/4,355,356,347,352,115600,352.0
2012/4/5,344,345,338,342,101700,342.0
2012/4/6,338,342,338,341,38400,341.0
2012/4/9,340,340,335,336,47300,336.0
2012/4/10,339,339,331,333,40600,333.0
2012/4/11,323,327,319,324,98700,324.0
2012/4/12,324,325,317,319,111100,319.0
2012/4/13,322,325,318,321,78500,321.0
2012/4/16,319,319,312,313,54600,313.0
2012/4/17,313,318,313,315,69300,315.0
2012/4/18,320,325,319,321,54000,321.0
2012/4/19,318,323,317,321,39500,321.0
2012/4/20,322,322,317,317,40500,317.0
2012/4/23,321,322,310,313,68100,313.0
2012/4/24,309,315,309,310,19500,310.0
2012/4/25,315,315,308,314,46200,314.0
2012/4/26,314,315,308,313,68500,313.0
2012/4/27,314,324,310,318,70400,318.0
2012/5/1,315,315,307,308,63500,308.0
2012/5/2,309,310,305,308,38500,308.0
2012/5/7,300,301,291,295,72900,295.0
2012/5/8,296,304,296,296,31600,296.0
2012/5/9,296,298,285,286,65400,286.0
2012/5/10,282,292,282,289,19800,289.0
2012/5/11,289,289,275,279,75600,279.0
2012/5/14,258,270,258,265,164000,265.0
2012/5/15,260,262,249,252,262800,252.0
2012/5/16,249,252,243,243,117100,243.0
2012/5/17,236,253,234,245,153100,245.0
2012/5/18,237,243,234,235,203400,235.0
2012/5/21,241,245,235,235,86600,235.0
2012/5/22,242,244,239,239,96200,239.0
2012/5/23,244,250,241,242,143000,242.0
2012/5/24,241,242,240,242,74400,242.0
2012/5/25,241,245,240,245,77100,245.0
2012/5/28,249,249,240,241,52900,241.0
2012/5/29,241,243,237,241,97400,241.0
2012/5/30,244,244,240,240,33800,240.0
2012/5/31,240,244,240,241,55100,241.0
2012/6/1,241,244,238,239,73900,239.0
2012/6/4,234,234,230,230,78100,230.0
2012/6/5,233,234,231,233,36200,233.0
2012/6/6,237,239,236,236,42000,236.0
2012/6/7,242,261,240,259,165000,259.0
2012/6/8,258,263,254,262,112300,262.0
2012/6/11,262,266,262,263,37100,263.0
2012/6/12,261,261,258,259,32000,259.0
2012/6/13,263,263,257,259,33000,259.0
2012/6/14,259,259,251,251,94800,251.0
2012/6/15,253,256,246,250,96900,250.0
2012/6/18,256,260,240,256,101400,256.0
2012/6/19,254,256,253,253,17100,253.0
2012/6/20,256,258,253,258,20400,258.0
2012/6/21,259,266,257,259,72600,259.0
2012/6/22,256,262,256,260,42700,260.0
2012/6/25,263,266,260,266,39100,266.0
2012/6/26,267,267,257,258,121900,258.0
2012/6/27,259,263,259,260,33900,260.0
2012/6/28,261,267,261,261,33700,261.0
2012/6/29,262,263,260,261,43100,261.0
2012/7/2,265,266,261,265,38600,265.0
2012/7/3,266,268,261,266,57800,266.0
2012/7/4,267,268,263,265,34600,265.0
2012/7/5,265,270,264,269,62500,269.0
2012/7/6,268,268,263,266,49900,266.0
2012/7/9,270,271,266,269,102200,269.0
2012/7/10,269,279,269,278,81500,278.0
2012/7/11,275,283,275,283,90700,283.0
2012/7/12,282,282,267,273,101900,273.0
2012/7/13,267,274,265,267,60200,267.0
2012/7/17,267,269,265,267,27200,267.0
2012/7/18,267,267,244,251,113000,251.0
2012/7/19,248,253,248,250,16900,250.0
2012/7/20,250,251,248,249,35900,249.0
2012/7/23,241,245,238,238,49000,238.0
2012/7/24,235,236,232,236,67900,236.0
2012/7/25,244,244,237,242,39800,242.0
2012/7/26,249,249,244,245,54400,245.0
2012/7/27,245,245,237,239,80700,239.0
2012/7/30,244,244,240,242,19100,242.0
2012/7/31,242,245,241,242,28700,242.0
2012/8/1,243,245,241,244,40100,244.0
2012/8/2,244,245,239,243,27300,243.0
2012/8/3,238,242,236,240,45800,240.0
2012/8/6,240,242,237,241,22300,241.0
2012/8/7,235,240,225,238,96700,238.0
2012/8/8,240,240,233,235,48800,235.0
2012/8/9,235,239,230,233,34800,233.0
2012/8/10,230,232,228,230,74600,230.0
2012/8/13,232,242,231,234,66800,234.0
2012/8/14,236,242,235,240,65800,240.0
2012/8/15,236,240,236,238,24900,238.0
2012/8/16,236,238,235,236,30000,236.0
2012/8/17,239,239,235,237,50400,237.0
2012/8/20,239,241,235,237,79400,237.0
2012/8/21,235,238,235,237,44900,237.0
2012/8/22,237,238,233,236,48600,236.0
2012/8/23,234,236,234,235,46100,235.0
2012/8/24,233,236,232,236,78200,236.0
2012/8/27,237,237,234,234,34900,234.0
2012/8/28,234,236,233,236,52900,236.0
2012/8/29,235,237,234,237,68100,237.0
2012/8/30,235,237,235,235,9000,235.0
2012/8/31,235,236,235,236,40700,236.0
2012/9/3,236,237,232,235,80100,235.0
2012/9/4,236,236,235,235,19800,235.0
2012/9/5,232,235,232,234,61000,234.0
2012/9/6,234,234,228,231,77100,231.0
2012/9/7,228,231,227,229,79600,229.0
2012/9/10,229,233,229,232,22200,232.0
2012/9/11,232,233,231,232,17500,232.0
2012/9/12,232,233,230,231,41200,231.0
2012/9/13,231,239,231,239,92600,239.0
2012/9/14,239,247,238,246,57700,246.0
2012/9/18,246,246,239,240,30300,240.0
2012/9/19,243,246,240,243,43300,243.0
2012/9/20,242,242,238,239,21500,239.0
2012/9/21,235,240,234,236,35000,236.0
2012/9/24,236,238,235,237,19300,237.0
2012/9/25,237,239,235,239,16400,239.0
2012/9/26,237,237,233,235,29800,235.0
2012/9/27,232,243,232,242,70200,242.0
2012/9/28,242,242,241,242,20400,242.0
2012/10/1,241,242,235,235,25900,235.0
2012/10/2,235,239,234,237,30500,237.0
2012/10/3,235,238,231,233,42400,233.0
2012/10/4,231,238,231,238,24100,238.0
2012/10/5,237,239,236,239,5000,239.0
2012/10/9,236,237,235,236,20100,236.0
2012/10/10,233,235,228,231,46500,231.0
2012/10/11,230,232,229,229,18900,229.0
2012/10/12,230,235,230,235,23400,235.0
2012/10/15,233,233,230,230,12600,230.0
2012/10/16,230,232,230,232,25600,232.0
2012/10/17,233,235,231,234,24500,234.0
2012/10/18,235,237,235,236,49000,236.0
2012/10/19,236,237,235,235,30900,235.0
2012/10/22,232,236,232,236,16000,236.0
2012/10/23,236,237,235,237,17000,237.0
2012/10/24,234,238,234,238,36500,238.0
2012/10/25,238,240,236,240,28500,240.0
2012/10/26,238,240,237,240,32800,240.0
2012/10/29,240,243,240,242,22900,242.0
2012/10/30,240,242,239,240,20300,240.0
2012/10/31,239,245,236,238,37500,238.0
2012/11/1,240,243,238,240,22900,240.0
2012/11/2,242,243,232,238,51500,238.0
2012/11/5,235,238,235,235,28300,235.0
2012/11/6,234,235,233,233,29700,233.0
2012/11/7,231,233,221,230,95400,230.0
2012/11/8,228,230,225,229,34500,229.0
2012/11/9,225,228,221,221,104300,221.0
2012/11/12,223,225,217,221,99300,221.0
2012/11/13,222,223,218,221,61100,221.0
2012/11/14,220,223,220,222,65500,222.0
2012/11/15,220,225,220,224,58000,224.0
2012/11/16,225,229,224,228,45800,228.0
2012/11/19,230,232,229,231,86100,231.0
2012/11/20,233,233,228,231,84100,231.0
2012/11/21,230,232,226,227,74200,227.0
2012/11/22,231,234,230,234,113700,234.0
2012/11/26,234,239,234,237,99100,237.0
2012/11/27,236,242,234,241,53000,241.0
2012/11/28,240,248,238,245,97500,245.0
2012/11/29,244,247,242,246,45300,246.0
2012/11/30,247,247,242,245,101000,245.0
2012/12/3,243,247,242,247,40000,247.0
2012/12/4,246,247,242,243,26900,243.0
2012/12/5,241,246,240,245,42200,245.0
2012/12/6,245,248,242,246,70400,246.0
2012/12/7,244,247,244,245,62500,245.0
2012/12/10,249,249,244,245,83600,245.0
2012/12/11,245,247,244,244,31400,244.0
2012/12/12,244,251,244,251,134500,251.0
2012/12/13,253,256,253,254,76000,254.0
2012/12/14,253,253,245,248,104200,248.0
2012/12/17,246,248,244,245,110900,245.0
2012/12/18,246,249,246,247,72400,247.0
2012/12/19,248,250,245,250,237300,250.0
2012/12/20,252,254,250,254,113900,254.0
2012/12/21,260,274,255,274,203100,274.0
2012/12/25,270,270,264,267,140200,267.0
2012/12/26,267,274,258,273,157800,273.0
2012/12/27,272,287,272,277,213000,277.0
2012/12/28,285,286,277,282,180900,282.0
2013/1/4,293,313,289,305,280500,305.0
2013/1/7,321,322,310,314,277500,314.0
2013/1/8,319,319,312,314,140400,314.0
2013/1/9,312,315,294,313,213700,313.0
2013/1/10,316,316,308,313,125100,313.0
2013/1/11,317,317,308,311,101400,311.0
2013/1/15,316,326,315,323,243000,323.0
2013/1/16,322,324,308,316,197300,316.0
2013/1/17,319,324,302,319,188200,319.0
2013/1/18,320,324,310,324,165000,324.0
2013/1/21,324,328,319,328,151200,328.0
2013/1/22,340,360,334,352,587200,352.0
2013/1/23,352,352,337,342,172700,342.0
2013/1/24,341,356,339,347,199000,347.0
2013/1/25,355,360,351,358,186700,358.0
2013/1/28,360,369,358,366,171000,366.0
2013/1/29,367,394,366,387,322100,387.0
2013/1/30,388,391,384,389,159200,389.0
2013/1/31,388,388,373,384,154600,384.0
2013/2/1,386,389,362,374,282500,374.0
2013/2/4,388,404,375,401,478300,401.0
2013/2/5,392,404,389,391,206800,391.0
2013/2/6,471,471,471,471,391800,471.0
2013/2/7,487,533,471,512,2935200,512.0
2013/2/8,520,522,490,510,634100,510.0
2013/2/12,517,560,515,545,843900,545.0
2013/2/13,525,535,505,505,605100,505.0
2013/2/14,499,533,499,521,506500,521.0
2013/2/15,513,520,487,505,574100,505.0
2013/2/18,529,539,518,524,503000,524.0
2013/2/19,522,576,521,565,778900,565.0
2013/2/20,582,600,560,574,603400,574.0
2013/2/21,574,588,563,576,258200,576.0
2013/2/22,565,587,563,587,295600,587.0
2013/2/25,600,635,593,622,742900,622.0
2013/2/26,593,651,593,643,1069500,643.0
2013/2/27,656,664,602,617,709700,617.0
2013/2/28,630,645,612,625,359400,625.0
2013/3/1,625,637,607,619,351800,619.0
2013/3/4,620,631,606,612,272300,612.0
2013/3/5,611,616,565,567,447600,567.0
2013/3/6,567,607,561,599,536100,599.0
2013/3/7,596,606,580,598,257300,598.0
2013/3/8,595,612,592,602,220700,602.0
2013/3/11,629,629,581,599,346900,599.0
2013/3/12,599,602,586,588,245000,588.0
2013/3/13,580,592,568,580,248500,580.0
2013/3/14,587,605,582,605,304700,605.0
2013/3/15,600,635,586,635,777200,635.0
2013/3/18,610,617,595,613,321200,613.0
2013/3/19,616,620,586,596,306600,596.0
2013/3/21,608,609,589,605,238600,605.0
2013/3/22,605,605,584,587,154700,587.0
2013/3/25,584,594,576,581,149800,581.0
2013/3/26,570,575,553,562,241300,562.0
2013/3/27,548,553,542,550,246400,550.0
2013/3/28,540,549,526,544,200600,544.0
2013/3/29,537,545,530,536,134300,536.0
2013/4/1,520,527,495,495,189800,495.0
2013/4/2,455,506,455,495,304900,495.0
2013/4/3,497,498,480,488,143000,488.0
2013/4/4,488,522,472,516,132800,516.0
2013/4/5,525,544,510,522,342600,522.0
2013/4/8,539,549,524,545,183200,545.0
2013/4/9,555,557,535,539,208600,539.0
2013/4/10,544,552,537,545,85000,545.0
2013/4/11,550,554,540,543,102800,543.0
2013/4/12,538,538,522,526,118400,526.0
2013/4/15,526,549,526,528,123400,528.0
2013/4/16,520,524,494,519,185600,519.0
2013/4/17,528,534,518,534,62900,534.0
2013/4/18,534,560,528,547,140800,547.0
2013/4/19,543,547,536,539,59900,539.0
2013/4/22,555,574,530,540,906700,540.0
2013/4/23,544,546,533,539,195100,539.0
2013/4/24,540,545,531,534,186900,534.0
2013/4/25,536,539,529,533,227200,533.0
2013/4/26,534,542,524,526,211400,526.0
2013/4/30,525,530,517,527,266000,527.0
2013/5/1,517,536,517,530,112900,530.0
2013/5/2,529,542,529,540,81000,540.0
2013/5/7,549,558,545,554,209800,554.0
2013/5/8,560,593,558,584,299700,584.0
2013/5/9,595,605,585,599,364200,599.0
2013/5/10,610,620,605,620,401900,620.0
2013/5/13,720,720,720,720,61300,720.0
2013/5/14,870,870,866,870,1887500,870.0
2013/5/15,902,940,833,869,1730700,869.0
2013/5/16,900,996,851,985,1898100,985.0
2013/5/17,1000,1032,962,1008,1011300,1008.0
2013/5/20,1065,1173,1038,1173,1155300,1173.0
2013/5/21,1150,1200,1119,1151,770900,1151.0
2013/5/22,1120,1127,1047,1047,720200,1047.0
2013/5/23,1010,1066,928,978,1283800,978.0
2013/5/24,1050,1070,963,1017,827400,1017.0
2013/5/27,973,1000,965,973,292200,973.0
2013/5/28,962,1023,962,996,341400,996.0
2013/5/29,1030,1046,988,1046,342900,1046.0
2013/5/30,1000,1016,972,985,352200,985.0
2013/5/31,997,1032,963,967,354000,967.0
2013/6/3,955,984,949,965,182600,965.0
2013/6/4,952,990,909,990,344000,990.0
2013/6/5,971,995,928,939,237100,939.0
2013/6/6,894,920,808,808,577400,808.0
2013/6/7,765,838,755,800,557400,800.0
2013/6/10,862,922,843,851,442900,851.0
2013/6/11,868,914,866,902,400300,902.0
2013/6/12,873,914,866,901,276400,901.0
2013/6/13,880,885,787,795,735200,795.0
2013/6/14,825,833,795,802,428800,802.0
2013/6/17,780,819,769,809,323100,809.0
2013/6/18,800,813,770,784,457800,784.0
2013/6/19,809,810,774,785,294600,785.0
2013/6/20,794,808,783,794,244000,794.0
2013/6/21,755,783,732,769,483600,769.0
2013/6/24,793,793,750,768,313100,768.0
2013/6/25,751,753,698,724,482400,724.0
2013/6/26,746,746,675,686,437400,686.0
2013/6/27,686,736,654,728,418000,728.0
2013/6/28,741,775,730,775,404200,775.0
2013/7/1,805,828,780,812,617600,812.0
2013/7/2,838,838,800,835,375100,835.0
2013/7/3,848,876,836,875,504500,875.0
2013/7/4,865,876,851,862,375800,862.0
2013/7/5,875,883,862,883,276700,883.0
2013/7/8,905,931,857,864,555600,864.0
2013/7/9,880,893,872,885,231100,885.0
2013/7/10,890,904,876,886,260000,886.0
2013/7/11,869,900,867,881,309800,881.0
2013/7/12,899,906,885,903,343000,903.0
2013/7/16,930,933,904,914,272100,914.0
2013/7/17,912,916,891,910,356200,910.0
2013/7/18,895,906,882,886,224900,886.0
2013/7/19,890,903,820,866,543100,866.0
2013/7/22,870,875,810,862,316300,862.0
2013/7/23,844,868,844,860,224400,860.0
2013/7/24,860,864,843,852,271600,852.0
2013/7/25,858,859,830,835,272200,835.0
2013/7/26,835,838,812,824,223000,824.0
2013/7/29,809,810,756,767,390300,767.0
2013/7/30,761,848,755,820,423000,820.0
2013/7/31,804,815,784,795,238600,795.0
2013/8/1,791,825,783,825,251000,825.0
2013/8/2,945,966,906,942,1480900,942.0
2013/8/5,970,1050,960,1048,1991300,1048.0
2013/8/6,1050,1087,1021,1078,1235200,1078.0
2013/8/7,1050,1125,1026,1031,1206000,1031.0
2013/8/8,1015,1048,982,997,758800,997.0
2013/8/9,1015,1035,981,997,420700,997.0
2013/8/12,970,987,953,955,458200,955.0
2013/8/13,970,995,936,947,731100,947.0
2013/8/14,962,987,949,970,458900,970.0
2013/8/15,973,1018,959,989,610800,989.0
2013/8/16,980,1021,975,994,415400,994.0
2013/8/19,1005,1047,1000,1035,454400,1035.0
2013/8/20,1040,1040,988,990,450700,990.0
2013/8/21,996,998,953,993,410500,993.0
2013/8/22,980,1019,970,1018,405600,1018.0
2013/8/23,1039,1056,1027,1042,577500,1042.0
2013/8/26,1050,1076,1033,1052,404200,1052.0
2013/8/27,1035,1050,1016,1029,349500,1029.0
2013/8/28,983,1013,976,996,763500,996.0
2013/8/29,996,1007,942,942,1331400,942.0
2013/8/30,953,984,945,945,697400,945.0
2013/9/2,960,1005,954,990,625100,990.0
2013/9/3,1012,1032,1005,1019,450600,1019.0
2013/9/4,1020,1063,1013,1052,481100,1052.0
2013/9/5,1064,1073,1044,1058,478600,1058.0
2013/9/6,1066,1074,1048,1058,367800,1058.0
2013/9/9,1084,1116,1074,1110,530400,1110.0
2013/9/10,1137,1228,1134,1227,1037000,1227.0
2013/9/11,1248,1280,1201,1210,649600,1210.0
2013/9/12,1182,1196,1147,1177,443500,1177.0
2013/9/13,1180,1239,1177,1237,575800,1237.0
2013/9/17,1250,1284,1241,1267,516900,1267.0
2013/9/18,1273,1343,1273,1313,689700,1313.0
2013/9/19,1349,1400,1320,1385,911200,1385.0
2013/9/20,1378,1378,1300,1301,649600,1301.0
2013/9/24,1280,1348,1271,1345,561000,1345.0
2013/9/25,1338,1350,1278,1285,406600,1285.0
2013/9/26,1261,1343,1261,1340,296000,1340.0
2013/9/27,1342,1348,1261,1322,284600,1322.0
2013/9/30,1300,1325,1270,1300,331900,1300.0
2013/10/1,1310,1329,1279,1283,432500,1283.0
2013/10/2,1277,1325,1275,1286,475700,1286.0
2013/10/3,1270,1297,1242,1267,378200,1267.0
2013/10/4,1246,1254,1216,1238,363000,1238.0
2013/10/7,1227,1231,1192,1223,423400,1223.0
2013/10/8,1200,1270,1144,1258,499500,1258.0
2013/10/9,1258,1321,1240,1313,387700,1313.0
2013/10/10,1342,1384,1324,1354,549000,1354.0
2013/10/11,1386,1405,1376,1397,548600,1397.0
2013/10/15,1451,1490,1424,1460,547400,1460.0
2013/10/16,1451,1459,1413,1438,381600,1438.0
2013/10/17,1495,1527,1451,1473,544000,1473.0
2013/10/18,1451,1495,1450,1476,293100,1476.0
2013/10/21,1506,1560,1506,1557,468400,1557.0
2013/10/22,1542,1555,1521,1540,274500,1540.0
2013/10/23,1540,1560,1480,1515,465700,1515.0
2013/10/24,1495,1548,1480,1542,399700,1542.0
2013/10/25,1550,1559,1503,1513,372500,1513.0
2013/10/28,1529,1546,1433,1452,600300,1452.0
2013/10/29,1452,1495,1423,1446,466400,1446.0
2013/10/30,1450,1476,1430,1465,934500,1465.0
2013/10/31,1476,1484,1410,1416,400700,1416.0
2013/11/1,1408,1461,1395,1445,477800,1445.0
2013/11/5,1431,1460,1421,1440,434700,1440.0
2013/11/6,1425,1475,1405,1470,361400,1470.0
2013/11/7,1301,1328,1192,1221,1876400,1221.0
2013/11/8,1209,1220,1152,1171,976900,1171.0
2013/11/11,1169,1198,1132,1139,579900,1139.0
2013/11/12,1141,1210,1141,1205,563100,1205.0
2013/11/13,1201,1248,1200,1226,450300,1226.0
2013/11/14,1217,1269,1216,1244,417800,1244.0
2013/11/15,1265,1287,1264,1267,366300,1267.0
2013/11/18,1299,1315,1287,1294,457100,1294.0
2013/11/19,1283,1295,1244,1262,317300,1262.0
2013/11/20,1260,1260,1231,1245,285200,1245.0
2013/11/21,1245,1265,1238,1261,219200,1261.0
2013/11/22,1282,1294,1262,1288,474200,1288.0
2013/11/25,1297,1300,1245,1262,321900,1262.0
2013/11/26,1260,1290,1240,1281,292700,1281.0
2013/11/27,1274,1297,1269,1288,300200,1288.0
2013/11/28,1311,1344,1311,1340,580900,1340.0
2013/11/29,1330,1339,1296,1324,333400,1324.0
2013/12/2,1320,1328,1302,1311,275500,1311.0
2013/12/3,1312,1320,1283,1283,326200,1283.0
2013/12/4,1263,1273,1245,1258,348500,1258.0
2013/12/5,1250,1256,1184,1193,614800,1193.0
2013/12/6,1193,1225,1181,1189,558500,1189.0
2013/12/9,1239,1260,1224,1257,470900,1257.0
2013/12/10,1254,1274,1236,1258,259400,1258.0
2013/12/11,1272,1315,1265,1311,582200,1311.0
2013/12/12,1298,1304,1276,1298,284000,1298.0
2013/12/13,1300,1333,1297,1321,534700,1321.0
2013/12/16,1312,1319,1280,1280,306000,1280.0
2013/12/17,1279,1289,1270,1284,336100,1284.0
2013/12/18,1264,1280,1260,1275,290100,1275.0
2013/12/19,1288,1327,1288,1321,640500,1321.0
2013/12/20,1300,1320,1285,1300,298800,1300.0
2013/12/24,1313,1323,1271,1276,411500,1276.0
2013/12/25,1258,1310,1258,1306,581200,1306.0
2013/12/26,1308,1336,1308,1328,374500,1328.0
2013/12/27,1332,1420,1332,1405,793200,1405.0
2013/12/30,1414,1449,1411,1419,486300,1419.0
2014/1/6,1390,1410,1370,1400,557800,1400.0
2014/1/7,1400,1435,1389,1398,462900,1398.0
2014/1/8,1404,1423,1391,1410,366500,1410.0
2014/1/9,1418,1442,1409,1428,463600,1428.0
2014/1/10,1425,1434,1406,1433,263800,1433.0
2014/1/14,1373,1395,1365,1369,418200,1369.0
2014/1/15,1408,1474,1408,1471,743900,1471.0
2014/1/16,1499,1513,1455,1466,497500,1466.0
2014/1/17,1450,1480,1447,1477,208800,1477.0
2014/1/20,1489,1522,1475,1508,379500,1508.0
2014/1/21,1503,1519,1486,1489,201500,1489.0
2014/1/22,1485,1496,1469,1492,188000,1492.0
2014/1/23,1498,1505,1470,1470,181000,1470.0
2014/1/24,1429,1453,1425,1432,239300,1432.0
2014/1/27,1350,1372,1324,1326,588300,1326.0
2014/1/28,1347,1397,1342,1351,352700,1351.0
2014/1/29,1397,1422,1389,1422,241700,1422.0
2014/1/30,1370,1381,1357,1376,261800,1376.0
2014/1/31,1396,1455,1381,1429,532500,1429.0
2014/2/3,1392,1392,1303,1304,387200,1304.0
2014/2/4,1215,1277,1159,1250,595300,1250.0
2014/2/5,1325,1340,1270,1322,576800,1322.0
2014/2/6,1200,1204,1060,1081,2081500,1081.0
2014/2/7,1120,1121,1080,1095,1021400,1095.0
2014/2/10,1095,1106,1064,1082,824800,1082.0
2014/2/12,1108,1140,1105,1120,658600,1120.0
2014/2/13,1119,1138,1087,1096,493200,1096.0
2014/2/14,1084,1111,1020,1060,454900,1060.0
2014/2/17,1065,1080,1024,1047,365800,1047.0
2014/2/18,1051,1100,1037,1079,335400,1079.0
2014/2/19,1095,1123,1080,1115,559200,1115.0
2014/2/20,1120,1165,1120,1135,753400,1135.0
2014/2/21,1135,1150,1097,1108,586400,1108.0
2014/2/24,1081,1128,1072,1097,406700,1097.0
2014/2/25,1112,1124,1094,1097,385200,1097.0
2014/2/26,1109,1109,1080,1082,441500,1082.0
2014/2/27,1081,1098,1065,1076,327300,1076.0
2014/2/28,1066,1072,1033,1041,548500,1041.0
2014/3/3,1005,1009,959,985,793700,985.0
2014/3/4,980,1026,972,1011,484500,1011.0
2014/3/5,1028,1047,990,993,476400,993.0
2014/3/6,994,1017,993,1012,476900,1012.0
2014/3/7,1025,1040,1015,1035,296000,1035.0
2014/3/10,1035,1043,1010,1011,284200,1011.0
2014/3/11,1018,1027,1001,1008,264500,1008.0
2014/3/12,997,1004,982,984,294900,984.0
2014/3/13,977,993,962,963,240600,963.0
2014/3/14,920,930,895,899,783800,899.0
2014/3/17,890,892,841,847,850900,847.0
2014/3/18,872,891,842,846,964200,846.0
2014/3/19,840,875,820,856,794900,856.0
2014/3/20,846,849,775,775,1001400,775.0
2014/3/24,777,845,776,830,1183600,830.0
2014/3/25,821,866,806,833,697500,833.0
2014/3/26,834,860,815,853,603100,853.0
2014/3/27,836,865,831,863,393500,863.0
2014/3/28,865,909,865,909,566700,909.0
2014/3/31,939,965,928,964,786400,964.0
2014/4/1,964,968,893,901,992100,901.0
2014/4/2,905,931,905,917,511500,917.0
2014/4/3,925,937,914,915,449100,915.0
2014/4/4,910,914,871,879,681100,879.0
2014/4/7,850,856,831,843,685100,843.0
2014/4/8,834,846,818,820,554300,820.0
2014/4/9,800,823,798,803,916300,803.0
2014/4/10,828,864,803,810,469800,810.0
2014/4/11,778,824,757,819,663400,819.0
2014/4/14,816,834,804,804,330500,804.0
2014/4/15,818,828,783,787,483400,787.0
2014/4/16,798,834,794,833,435300,833.0
2014/4/17,848,850,812,823,366500,823.0
2014/4/18,831,838,823,834,198400,834.0
2014/4/21,834,838,810,814,222800,814.0
2014/4/22,814,820,790,791,294600,791.0
2014/4/23,800,824,798,815,285300,815.0
2014/4/24,814,822,799,804,223800,804.0
2014/4/25,804,846,801,823,523600,823.0
2014/4/28,815,820,795,803,736700,803.0
2014/4/30,800,810,763,768,687600,768.0
2014/5/1,780,831,775,829,595100,829.0
2014/5/2,833,850,823,848,489800,848.0
2014/5/7,938,948,883,922,2902300,922.0
2014/5/8,909,915,874,893,1092600,893.0
2014/5/9,875,904,874,902,786000,902.0
2014/5/12,812,895,810,868,1616100,868.0
2014/5/13,868,903,861,892,554700,892.0
2014/5/14,901,907,876,882,319300,882.0
2014/5/15,880,934,871,929,824100,929.0
2014/5/16,897,913,862,881,445000,881.0
2014/5/19,875,880,851,855,276500,855.0
2014/5/20,861,868,853,863,233400,863.0
2014/5/21,841,846,812,825,454700,825.0
2014/5/22,839,877,839,867,357300,867.0
2014/5/23,879,894,876,881,246500,881.0
2014/5/26,911,924,890,898,1326800,898.0
2014/5/27,900,901,849,855,1072700,855.0
2014/5/28,854,863,840,854,629800,854.0
2014/5/29,847,850,828,835,598300,835.0
2014/5/30,831,838,812,825,703200,825.0
2014/6/2,835,848,823,846,527300,846.0
2014/6/3,851,872,846,861,555400,861.0
2014/6/4,862,878,860,871,697900,871.0
2014/6/5,874,874,842,851,426800,851.0
2014/6/6,861,874,850,869,346600,869.0
2014/6/9,884,903,877,897,505700,897.0
2014/6/10,903,910,880,883,447800,883.0
2014/6/11,891,891,856,874,397600,874.0
2014/6/12,873,873,857,861,319900,861.0
2014/6/13,853,883,851,880,360600,880.0
2014/6/16,884,890,877,880,335700,880.0
2014/6/17,881,883,868,874,266500,874.0
2014/6/18,876,888,870,881,148100,881.0
2014/6/19,882,884,872,879,244600,879.0
2014/6/20,884,884,866,874,248700,874.0
2014/6/23,876,893,874,891,409200,891.0
2014/6/24,892,906,884,905,423600,905.0
2014/6/25,907,932,906,921,622600,921.0
2014/6/26,921,929,909,924,341900,924.0
2014/6/27,929,965,924,962,1042900,962.0
2014/6/30,965,1042,964,1042,1193200,1042.0
2014/7/1,1042,1045,1015,1030,844900,1030.0
2014/7/2,1038,1039,1004,1006,484900,1006.0
2014/7/3,1000,1003,976,989,496200,989.0
2014/7/4,1001,1006,979,991,396300,991.0
2014/7/7,989,990,960,969,329700,969.0
2014/7/8,962,965,942,951,353800,951.0
2014/7/9,931,941,921,930,483700,930.0
2014/7/10,930,955,921,925,503800,925.0
2014/7/11,913,915,895,905,329100,905.0
2014/7/14,904,905,884,895,340400,895.0
2014/7/15,904,926,903,919,300500,919.0
2014/7/16,917,925,912,922,264500,922.0
2014/7/17,928,943,927,942,445400,942.0
2014/7/18,929,931,915,925,261700,925.0
2014/7/22,940,959,934,959,312700,959.0
2014/7/23,962,975,957,965,319100,965.0
2014/7/24,967,968,940,947,314400,947.0
2014/7/25,947,970,942,970,428100,970.0
2014/7/28,970,970,956,968,210400,968.0
2014/7/29,974,975,959,966,190600,966.0
2014/7/30,965,965,947,951,192400,951.0
2014/7/31,948,963,944,955,254700,955.0
2014/8/1,925,931,914,921,597200,921.0
2014/8/4,920,920,896,905,227100,905.0
2014/8/5,905,923,900,915,347600,915.0
2014/8/6,915,920,892,896,354500,896.0
2014/8/7,888,928,875,923,518900,923.0
2014/8/8,918,920,878,889,569300,889.0
2014/8/11,904,919,902,912,230400,912.0
2014/8/12,917,922,900,904,264700,904.0
2014/8/13,907,961,907,957,848100,957.0
2014/8/14,961,973,949,956,370700,956.0
2014/8/15,955,957,935,939,206700,939.0
2014/8/18,939,958,936,955,190900,955.0
2014/8/19,960,970,954,969,217800,969.0
2014/8/20,972,972,955,958,271300,958.0
2014/8/21,954,965,947,956,267400,956.0
2014/8/22,958,958,938,943,263000,943.0
2014/8/25,946,981,944,976,425500,976.0
2014/8/26,984,984,968,970,216300,970.0
2014/8/27,983,1013,976,1003,603000,1003.0
2014/8/28,1005,1005,972,987,360600,987.0
2014/8/29,977,978,960,967,274900,967.0
2014/9/1,967,989,964,973,251300,973.0
2014/9/2,972,982,967,977,267200,977.0
2014/9/3,998,1056,996,1047,1642700,1047.0
2014/9/4,1050,1065,1024,1051,727300,1051.0
2014/9/5,1065,1130,1065,1100,1169900,1100.0
2014/9/8,1095,1100,1068,1077,387200,1077.0
2014/9/9,1096,1140,1092,1126,899100,1126.0
2014/9/10,1104,1118,1084,1117,459200,1117.0
2014/9/11,1139,1174,1126,1143,685200,1143.0
2014/9/12,1131,1162,1103,1116,800000,1116.0
2014/9/16,1103,1124,1090,1109,543400,1109.0
2014/9/17,1110,1110,1076,1084,426300,1084.0
2014/9/18,1090,1122,1087,1094,758100,1094.0
2014/9/19,1102,1155,1099,1142,1087000,1142.0
2014/9/22,1145,1189,1143,1183,984400,1183.0
2014/9/24,1170,1186,1151,1168,643600,1168.0
2014/9/25,1175,1194,1170,1192,848800,1192.0
2014/9/26,1180,1204,1151,1183,503000,1183.0
2014/9/29,1200,1209,1188,1204,516700,1204.0
2014/9/30,1204,1206,1168,1181,434000,1181.0
2014/10/1,1165,1186,1125,1130,801700,1130.0
2014/10/2,1070,1093,1063,1067,661400,1067.0
2014/10/3,1056,1078,1037,1051,583300,1051.0
2014/10/6,1090,1117,1080,1100,697900,1100.0
2014/10/7,1089,1094,1054,1059,376500,1059.0
2014/10/8,1018,1036,1000,1029,543700,1029.0
2014/10/9,1037,1039,1001,1003,413300,1003.0
2014/10/10,981,989,958,973,455400,973.0
2014/10/14,931,940,905,927,849100,927.0
2014/10/15,941,950,924,950,404500,950.0
2014/10/16,910,946,909,920,451900,920.0
2014/10/17,921,941,891,897,401000,897.0
2014/10/20,940,969,938,961,529900,961.0
2014/10/21,967,969,921,926,434200,926.0
2014/10/22,950,975,938,968,392400,968.0
2014/10/23,953,968,941,950,271600,950.0
2014/10/24,973,980,950,970,374100,970.0
2014/10/27,984,991,960,970,330900,970.0
2014/10/28,976,979,952,960,189100,960.0
2014/10/29,977,1009,976,983,403300,983.0
2014/10/30,976,1012,973,991,473300,991.0
2014/10/31,1020,1069,1000,1055,1063100,1055.0
2014/11/4,1187,1187,1120,1133,1190000,1133.0
2014/11/5,1140,1149,1110,1147,683700,1147.0
2014/11/6,1156,1179,1148,1170,754100,1170.0
2014/11/7,1170,1177,1149,1156,376300,1156.0
2014/11/10,1185,1187,1157,1180,297900,1180.0
2014/11/11,1172,1182,1159,1171,308200,1171.0
2014/11/12,1185,1200,1173,1182,618800,1182.0
2014/11/13,1195,1215,1165,1215,598500,1215.0
2014/11/14,1252,1293,1239,1285,988400,1285.0
2014/11/17,1274,1324,1272,1293,947000,1293.0
2014/11/18,1293,1336,1293,1326,513900,1326.0
2014/11/19,1336,1415,1335,1345,831400,1345.0
2014/11/20,1345,1419,1345,1406,760400,1406.0
2014/11/21,1400,1430,1361,1390,454300,1390.0
2014/11/25,1400,1444,1393,1427,523200,1427.0
2014/11/26,1428,1469,1427,1446,454700,1446.0
2014/11/27,1450,1455,1380,1386,429600,1386.0
2014/11/28,1389,1434,1381,1387,430500,1387.0
2014/12/1,1365,1399,1350,1368,539000,1368.0
2014/12/2,1356,1389,1316,1374,662100,1374.0
2014/12/3,1400,1409,1364,1380,291400,1380.0
2014/12/4,1379,1398,1357,1397,403900,1397.0
2014/12/5,1386,1426,1373,1425,334300,1425.0
2014/12/8,1436,1442,1395,1398,970100,1398.0
2014/12/9,1368,1412,1364,1381,1306100,1381.0
2014/12/10,1339,1341,1299,1304,967600,1304.0
2014/12/11,1279,1317,1250,1305,611800,1305.0
2014/12/12,1317,1379,1312,1358,596400,1358.0
2014/12/15,1319,1329,1250,1255,885300,1255.0
2014/12/16,1229,1259,1223,1232,547500,1232.0
2014/12/17,1234,1310,1219,1293,551800,1293.0
2014/12/18,1335,1349,1312,1317,429100,1317.0
2014/12/19,1347,1347,1305,1327,338800,1327.0
2014/12/22,1317,1324,1294,1311,174000,1311.0
2014/12/24,1325,1352,1318,1347,305700,1347.0
2014/12/25,1337,1374,1326,1348,379300,1348.0
2014/12/26,1354,1377,1348,1370,256600,1370.0
2014/12/29,1369,1377,1314,1333,352600,1333.0
2014/12/30,1323,1349,1308,1308,488200,1308.0
2015/1/5,1308,1334,1287,1309,302300,1309.0
2015/1/6,1269,1284,1258,1262,355700,1262.0
2015/1/7,1246,1268,1216,1244,362500,1244.0
2015/1/8,1272,1298,1258,1297,376600,1297.0
2015/1/9,1308,1339,1303,1325,345500,1325.0
2015/1/13,1305,1305,1261,1295,278100,1295.0
2015/1/14,1275,1282,1240,1248,189500,1248.0
2015/1/15,1248,1276,1236,1270,175700,1270.0
2015/1/16,1234,1242,1212,1236,303300,1236.0
2015/1/19,1238,1247,1215,1222,220600,1222.0
2015/1/20,1221,1264,1216,1247,289100,1247.0
2015/1/21,1246,1247,1213,1221,526600,1221.0
2015/1/22,1214,1218,1174,1184,552500,1184.0
2015/1/23,1200,1211,1176,1178,462100,1178.0
2015/1/26,1163,1182,1156,1177,510900,1177.0
2015/1/27,1200,1242,1186,1213,583200,1213.0
2015/1/28,1191,1223,1186,1215,262900,1215.0
2015/1/29,1215,1215,1192,1201,199800,1201.0
2015/1/30,1203,1226,1188,1205,285200,1205.0
2015/2/2,1181,1187,1138,1151,412900,1151.0
2015/2/3,1152,1184,1145,1148,431800,1148.0
2015/2/4,1184,1215,1173,1192,468800,1192.0
2015/2/5,1185,1208,1182,1202,229500,1202.0
2015/2/6,1216,1234,1213,1225,285400,1225.0
2015/2/9,1153,1158,1066,1072,2040200,1072.0
2015/2/10,1080,1094,1061,1089,1122400,1089.0
2015/2/12,1111,1121,1082,1102,1139300,1102.0
2015/2/13,1088,1091,1055,1057,821600,1057.0
2015/2/16,1061,1090,1061,1081,753200,1081.0
2015/2/17,1082,1142,1082,1124,885800,1124.0
2015/2/18,1125,1150,1116,1140,671600,1140.0
2015/2/19,1141,1159,1129,1146,370400,1146.0
2015/2/20,1165,1169,1144,1161,380900,1161.0
2015/2/23,1169,1192,1161,1188,460200,1188.0
2015/2/24,1190,1206,1180,1189,536800,1189.0
2015/2/25,1183,1188,1150,1155,418100,1155.0
2015/2/26,1148,1164,1138,1148,355500,1148.0
2015/2/27,1150,1160,1133,1143,323000,1143.0
2015/3/2,1143,1224,1141,1212,665800,1212.0
2015/3/3,1241,1243,1185,1198,413100,1198.0
2015/3/4,1207,1235,1201,1213,351300,1213.0
2015/3/5,1225,1235,1192,1205,557300,1205.0
2015/3/6,1214,1229,1206,1211,500500,1211.0
2015/3/9,1211,1254,1202,1252,822800,1252.0
2015/3/10,1258,1269,1234,1240,518100,1240.0
2015/3/11,1218,1255,1205,1250,631400,1250.0
2015/3/12,1258,1275,1240,1246,420800,1246.0
2015/3/13,1258,1266,1243,1248,450000,1248.0
2015/3/16,1233,1235,1188,1210,612500,1210.0
2015/3/17,1220,1248,1201,1206,794200,1206.0
2015/3/18,1198,1200,1144,1168,1083500,1168.0
2015/3/19,1160,1161,1135,1148,745800,1148.0
2015/3/20,1148,1152,1120,1125,603000,1125.0
2015/3/23,1120,1135,1116,1120,563400,1120.0
2015/3/24,1121,1147,1116,1140,588700,1140.0
2015/3/25,1144,1176,1142,1170,550400,1170.0
2015/3/26,1166,1171,1150,1161,460900,1161.0
2015/3/27,1138,1144,1102,1119,707600,1119.0
2015/3/30,1091,1097,1066,1091,855000,1091.0
2015/3/31,1112,1162,1111,1135,777600,1135.0
2015/4/1,1133,1173,1129,1156,733200,1156.0
2015/4/2,1153,1179,1151,1167,786200,1167.0
2015/4/3,1175,1208,1169,1208,901500,1208.0
2015/4/6,1190,1214,1183,1195,449800,1195.0
2015/4/7,1196,1204,1159,1164,680800,1164.0
2015/4/8,1179,1197,1157,1161,537900,1161.0
2015/4/9,1151,1168,1137,1145,743700,1145.0
2015/4/10,1164,1168,1141,1141,449900,1141.0
2015/4/13,1134,1134,1106,1115,592700,1115.0
2015/4/14,1121,1130,1108,1123,487300,1123.0
2015/4/15,1115,1147,1104,1108,723900,1108.0
2015/4/16,1105,1117,1093,1115,452900,1115.0
2015/4/17,1115,1122,1098,1099,507700,1099.0
2015/4/20,1095,1115,1091,1093,385000,1093.0
2015/4/21,1105,1105,1092,1100,249500,1100.0
2015/4/22,1109,1122,1100,1103,436600,1103.0
2015/4/23,1100,1108,1092,1103,409100,1103.0
2015/4/24,1103,1107,1096,1103,279200,1103.0
2015/4/27,1108,1118,1100,1105,469800,1105.0
2015/4/28,1109,1117,1105,1111,364400,1111.0
2015/4/30,1112,1118,1102,1107,617500,1107.0
2015/5/1,1102,1110,1077,1082,584600,1082.0
2015/5/7,1080,1096,1038,1045,908000,1045.0
2015/5/8,1051,1058,1040,1053,611400,1053.0
2015/5/11,918,964,918,932,2211600,932.0
2015/5/12,940,981,940,981,1063500,981.0
2015/5/13,985,1023,985,985,1068100,985.0
2015/5/14,980,1006,971,975,482200,975.0
2015/5/15,973,991,967,970,299600,970.0
2015/5/18,970,980,955,958,326500,958.0
2015/5/19,963,989,962,985,2287400,985.0
2015/5/20,986,1007,983,996,600600,996.0
2015/5/21,995,1002,972,973,684800,973.0
2015/5/22,972,994,972,987,588600,987.0
2015/5/25,984,988,973,986,511500,986.0
2015/5/26,987,999,971,972,717100,972.0
2015/5/27,972,990,972,985,493800,985.0
2015/5/28,999,1060,999,1059,1264200,1059.0
2015/5/29,1031,1038,991,995,1204200,995.0
2015/6/1,996,1006,980,985,697700,985.0
2015/6/2,985,1002,985,988,502800,988.0
2015/6/3,986,1007,986,998,361600,998.0
2015/6/4,1005,1034,1001,1020,642200,1020.0
2015/6/5,1020,1020,985,999,750700,999.0
2015/6/8,1014,1045,1013,1028,604400,1028.0
2015/6/9,1018,1030,1006,1021,946400,1021.0
2015/6/10,1029,1049,1021,1046,866900,1046.0
2015/6/11,1050,1054,1020,1045,827500,1045.0
2015/6/12,1060,1080,1047,1077,990200,1077.0
2015/6/15,1060,1068,1029,1039,670800,1039.0
2015/6/16,1038,1049,1019,1024,473900,1024.0
2015/6/17,1025,1054,1025,1052,708800,1052.0
2015/6/18,1052,1057,1016,1017,617900,1017.0
2015/6/19,1047,1048,1026,1048,785100,1048.0
2015/6/22,1048,1063,1040,1057,379400,1057.0
2015/6/23,1060,1093,1057,1090,460400,1090.0
2015/6/24,1099,1122,1083,1096,517500,1096.0
2015/6/25,1085,1092,1072,1087,351800,1087.0
2015/6/26,1084,1097,1070,1096,278200,1096.0
2015/6/29,1016,1054,1012,1038,623000,1038.0
2015/6/30,1040,1050,1035,1050,305000,1050.0
2015/7/1,1050,1050,1033,1041,294800,1041.0
2015/7/2,1050,1081,1046,1076,335700,1076.0
2015/7/3,1079,1079,1041,1046,215700,1046.0
2015/7/6,1021,1032,1012,1021,300100,1021.0
2015/7/7,1030,1041,1016,1017,313700,1017.0
2015/7/8,1015,1018,985,986,484000,986.0
2015/7/9,956,991,931,988,479700,988.0
2015/7/10,985,989,969,979,340300,979.0
2015/7/13,999,1019,996,1001,297900,1001.0
2015/7/14,1029,1047,1019,1043,562400,1043.0
2015/7/15,1041,1041,1017,1039,334500,1039.0
2015/7/16,1039,1044,1024,1041,283800,1041.0
2015/7/17,1048,1080,1048,1071,503900,1071.0
2015/7/21,1068,1075,1052,1072,292600,1072.0
2015/7/22,1069,1069,1045,1065,618800,1065.0
2015/7/23,1068,1083,1053,1081,287200,1081.0
2015/7/24,1075,1098,1072,1081,294200,1081.0
2015/7/27,1081,1084,1063,1073,194400,1073.0
2015/7/28,1058,1073,1056,1061,210300,1061.0
2015/7/29,1070,1096,1066,1067,384100,1067.0
2015/7/30,1079,1092,1075,1081,253200,1081.0
2015/7/31,1080,1080,1058,1078,284700,1078.0
2015/8/3,1069,1094,1057,1087,555200,1087.0
2015/8/4,1077,1077,1017,1026,598100,1026.0
2015/8/5,1022,1038,996,1028,428500,1028.0
2015/8/6,1028,1038,1020,1024,247700,1024.0
2015/8/7,1006,1018,1000,1009,421300,1009.0
2015/8/10,1009,1018,993,1002,288700,1002.0
2015/8/11,1010,1010,994,1002,383000,1002.0
2015/8/12,995,999,981,984,487100,984.0
2015/8/13,983,984,962,969,530500,969.0
2015/8/14,971,974,963,968,262900,968.0
2015/8/17,967,967,947,963,422000,963.0
2015/8/18,972,992,968,978,319600,978.0
2015/8/19,973,981,948,956,293100,956.0
2015/8/20,946,958,938,942,366500,942.0
2015/8/21,912,924,901,909,556300,909.0
2015/8/24,872,872,835,836,674900,836.0
2015/8/25,776,845,771,792,703100,792.0
2015/8/26,801,841,795,837,573900,837.0
2015/8/27,896,896,846,850,408800,850.0
2015/8/28,887,920,885,906,538400,906.0
2015/8/31,903,905,872,886,301700,886.0
2015/9/1,880,880,836,837,326700,837.0
2015/9/2,820,859,815,831,634900,831.0
2015/9/3,840,848,814,818,452000,818.0
2015/9/4,806,812,780,794,716000,794.0
2015/9/7,782,801,767,791,443600,791.0
2015/9/8,786,808,774,777,218000,777.0
2015/9/9,809,843,808,840,315500,840.0
2015/9/10,814,840,808,836,243300,836.0
2015/9/11,839,858,838,851,309800,851.0
2015/9/14,858,873,842,849,351300,849.0
2015/9/15,850,865,839,842,249800,842.0
2015/9/16,850,869,847,868,211400,868.0
2015/9/17,876,893,870,889,202200,889.0
2015/9/18,879,886,860,875,225800,875.0
2015/9/24,855,859,828,828,186800,828.0
2015/9/25,834,859,831,859,216800,859.0
2015/9/28,853,869,834,863,268200,863.0
2015/9/29,851,878,841,842,382700,842.0
2015/9/30,860,874,853,868,208500,868.0
2015/10/1,891,909,880,899,358400,899.0
2015/10/2,892,903,875,893,224900,893.0
2015/10/5,905,937,895,929,342100,929.0
2015/10/6,950,977,950,952,541700,952.0
2015/10/7,952,988,952,985,608700,985.0
2015/10/8,990,1010,982,993,455000,993.0
2015/10/9,1009,1018,989,996,485600,996.0
2015/10/13,995,1037,991,1023,580700,1023.0
2015/10/14,1019,1020,992,1010,240400,1010.0
2015/10/15,1001,1029,995,1017,285500,1017.0
2015/10/16,1030,1041,1020,1025,342400,1025.0
2015/10/19,1032,1039,1014,1029,327600,1029.0
2015/10/20,1028,1030,996,1016,231100,1016.0
2015/10/21,1011,1044,1001,1034,317300,1034.0
2015/10/22,1018,1031,1008,1017,141000,1017.0
2015/10/23,1041,1054,1037,1048,267100,1048.0
2015/10/26,1057,1064,1039,1046,169800,1046.0
2015/10/27,1050,1054,1023,1030,182600,1030.0
2015/10/28,1039,1043,1019,1042,240200,1042.0
2015/10/29,1053,1097,1042,1094,874300,1094.0
2015/10/30,1094,1094,1058,1068,347500,1068.0
2015/11/2,1000,1020,978,981,801000,981.0
2015/11/4,996,1005,959,991,769200,991.0
2015/11/5,997,1006,976,996,334600,996.0
2015/11/6,1000,1004,983,988,268600,988.0
2015/11/9,1015,1060,1014,1039,578200,1039.0
2015/11/10,1029,1062,1020,1059,416700,1059.0
2015/11/11,1065,1076,1059,1069,354800,1069.0
2015/11/12,1068,1079,1027,1034,373700,1034.0
2015/11/13,1026,1045,1024,1043,158400,1043.0
2015/11/16,1021,1034,1012,1016,212400,1016.0
2015/11/17,1037,1049,1033,1040,215400,1040.0
2015/11/18,1047,1062,1043,1055,427300,1055.0
2015/11/19,1065,1088,1058,1083,488400,1083.0
2015/11/20,1085,1105,1075,1098,387200,1098.0
2015/11/24,1104,1112,1089,1109,194800,1109.0
2015/11/25,1110,1155,1101,1144,570400,1144.0
2015/11/26,1126,1127,1103,1107,290200,1107.0
2015/11/27,1110,1140,1105,1129,216200,1129.0
2015/11/30,1132,1140,1119,1133,217900,1133.0
2015/12/1,1129,1150,1118,1140,164400,1140.0
2015/12/2,1140,1140,1113,1126,249500,1126.0
2015/12/3,1130,1138,1127,1136,138400,1136.0
2015/12/4,1115,1122,1105,1107,134000,1107.0
2015/12/7,1109,1141,1103,1134,239700,1134.0
2015/12/8,1134,1158,1128,1148,530700,1148.0
2015/12/9,1148,1155,1132,1136,340200,1136.0
2015/12/10,1099,1110,1074,1075,466200,1075.0
2015/12/11,1075,1083,1062,1075,301800,1075.0
2015/12/14,1045,1060,1040,1052,188600,1052.0
2015/12/15,1041,1057,1028,1031,197000,1031.0
2015/12/16,1035,1053,1026,1053,309600,1053.0
2015/12/17,1064,1077,1042,1046,210900,1046.0
2015/12/18,1052,1085,1031,1052,305900,1052.0
2015/12/21,1034,1040,993,1019,297400,1019.0
2015/12/22,1026,1035,1003,1010,200000,1010.0
2015/12/24,1010,1014,967,971,410300,971.0
2015/12/25,960,979,956,963,201100,963.0
2015/12/28,966,1006,966,997,203500,997.0
2015/12/29,988,994,963,992,182300,992.0
2015/12/30,1000,1017,999,1003,126700,1003.0
2016/1/4,992,1008,974,976,235900,976.0
2016/1/5,974,980,935,946,454800,946.0
2016/1/6,949,964,909,921,382800,921.0
2016/1/7,912,926,894,896,250100,896.0
2016/1/8,884,928,884,901,343800,901.0
2016/1/12,885,894,848,853,346100,853.0
2016/1/13,878,920,876,910,329200,910.0
2016/1/14,880,888,860,878,344800,878.0
2016/1/15,909,912,849,856,293300,856.0
2016/1/18,834,857,830,852,168100,852.0
2016/1/19,837,846,810,823,529800,823.0
2016/1/20,825,853,806,809,451100,809.0
2016/1/21,805,827,775,775,417000,775.0
2016/1/22,820,848,811,847,353900,847.0
2016/1/25,872,872,835,851,203700,851.0
2016/1/26,846,849,816,818,254800,818.0
2016/1/27,836,848,825,841,183100,841.0
2016/1/28,845,845,818,825,147800,825.0
2016/1/29,828,869,825,866,425900,866.0
2016/2/1,896,898,874,879,332300,879.0
2016/2/2,867,884,854,868,204300,868.0
2016/2/3,845,852,812,818,347800,818.0
2016/2/4,825,837,796,804,401300,804.0
2016/2/5,791,798,755,767,531300,767.0
2016/2/8,757,804,752,799,322100,799.0
2016/2/9,750,751,691,692,580300,692.0
2016/2/10,693,703,651,663,734100,663.0
2016/2/12,630,638,596,597,869600,597.0
2016/2/15,650,661,628,655,512200,655.0
2016/2/16,659,688,646,653,595400,653.0
2016/2/17,653,687,646,664,652500,664.0
2016/2/18,680,697,674,681,570900,681.0
2016/2/19,671,675,646,654,459500,654.0
2016/2/22,664,690,661,675,504800,675.0
2016/2/23,685,688,665,668,264700,668.0
2016/2/24,650,657,638,646,480400,646.0
2016/2/25,648,671,646,655,449900,655.0
2016/2/26,663,689,661,685,454000,685.0
2016/2/29,694,719,694,696,442700,696.0
2016/3/1,706,715,671,698,449000,698.0
2016/3/2,718,738,712,728,397100,728.0
2016/3/3,730,754,727,753,374900,753.0
2016/3/4,764,798,757,793,646100,793.0
2016/3/7,795,805,783,790,479100,790.0
2016/3/8,794,822,789,803,675600,803.0
2016/3/9,793,793,770,777,434500,777.0
2016/3/10,792,813,784,811,382100,811.0
2016/3/11,798,822,796,817,429100,817.0
2016/3/14,831,848,820,848,235100,848.0
2016/3/15,851,854,835,841,239700,841.0
2016/3/16,833,850,833,847,185500,847.0
2016/3/17,854,869,829,846,317300,846.0
2016/3/18,850,863,824,846,596200,846.0
2016/3/22,861,875,842,866,326900,866.0
2016/3/23,868,876,854,858,178900,858.0
2016/3/24,857,858,847,850,307700,850.0
2016/3/25,852,863,840,861,266400,861.0
2016/3/28,876,881,857,875,258500,875.0
2016/3/29,860,872,856,869,275700,869.0
2016/3/30,870,874,839,842,436200,842.0
2016/3/31,845,858,843,843,304900,843.0
2016/4/1,842,845,809,813,446300,813.0
2016/4/4,806,831,802,809,360800,809.0
2016/4/5,802,808,777,781,321000,781.0
2016/4/6,770,786,765,772,456100,772.0
2016/4/7,766,774,750,753,444300,753.0
2016/4/8,733,777,728,766,466900,766.0
2016/4/11,760,768,743,764,272400,764.0
2016/4/12,753,798,750,789,414600,789.0
2016/4/13,786,810,776,807,665300,807.0
2016/4/14,837,838,805,825,549700,825.0
2016/4/15,814,831,796,829,599500,829.0
2016/4/18,800,831,782,797,550800,797.0
2016/4/19,812,818,794,802,536000,802.0
2016/4/20,812,830,808,815,354600,815.0
2016/4/21,819,827,810,824,474300,824.0
2016/4/22,816,845,813,843,365900,843.0
2016/4/25,857,876,850,870,396700,870.0
2016/4/26,873,876,849,859,372100,859.0
2016/4/27,865,878,862,871,339200,871.0
2016/4/28,878,883,831,832,366900,832.0
2016/5/2,752,781,752,770,715900,770.0
2016/5/6,779,799,759,768,551900,768.0
2016/5/9,770,778,758,771,243000,771.0
2016/5/10,772,797,763,792,436500,792.0
2016/5/11,801,816,799,808,405600,808.0
2016/5/12,794,829,792,825,275600,825.0
2016/5/13,829,830,791,791,425500,791.0
2016/5/16,701,711,672,677,947800,677.0
2016/5/17,675,679,655,667,900000,667.0
2016/5/18,651,656,631,650,927900,650.0
2016/5/19,664,691,644,656,1103600,656.0
2016/5/20,657,663,647,660,420700,660.0
2016/5/23,656,665,648,664,243500,664.0
2016/5/24,662,663,642,646,339000,646.0
2016/5/25,656,659,648,651,212500,651.0
2016/5/26,661,674,655,670,423300,670.0
2016/5/27,674,675,660,672,411200,672.0
2016/5/30,685,695,682,687,350100,687.0
2016/5/31,699,708,694,708,513700,708.0
2016/6/1,705,717,703,707,302000,707.0
2016/6/2,705,706,661,664,535600,664.0
2016/6/3,665,677,658,663,253700,663.0
2016/6/6,651,656,639,654,432800,654.0
2016/6/7,660,672,658,668,263300,668.0
2016/6/8,675,675,660,668,437400,668.0
2016/6/9,662,663,644,651,354300,651.0
2016/6/10,656,659,645,654,311100,654.0
2016/6/13,636,636,617,619,349200,619.0
2016/6/14,613,627,612,618,415000,618.0
2016/6/15,610,626,602,625,488300,625.0
2016/6/16,620,624,606,610,398400,610.0
2016/6/17,613,629,612,628,340900,628.0
2016/6/20,630,641,626,638,320200,638.0
2016/6/21,628,645,618,641,281100,641.0
2016/6/22,637,639,613,616,294000,616.0
2016/6/23,610,635,607,633,228900,633.0
2016/6/24,640,653,574,583,589800,583.0
2016/6/27,595,599,582,591,325200,591.0
2016/6/28,583,592,569,585,374100,585.0
2016/6/29,589,591,561,565,695700,565.0
2016/6/30,565,572,559,560,588100,560.0
2016/7/1,560,579,553,563,592300,563.0
2016/7/4,560,564,551,555,302000,555.0
2016/7/5,550,554,532,538,321100,538.0
2016/7/6,521,526,497,513,668500,513.0
2016/7/7,512,519,498,501,498400,501.0
2016/7/8,506,515,497,497,303500,497.0
2016/7/11,507,518,504,513,580800,513.0
2016/7/12,529,545,527,538,546000,538.0
2016/7/13,550,557,544,546,493200,546.0
2016/7/14,550,552,531,542,320400,542.0
2016/7/15,550,564,544,553,539300,553.0
2016/7/19,561,568,554,568,351000,568.0
2016/7/20,565,566,550,566,389300,566.0
2016/7/21,572,585,572,585,304200,585.0
2016/7/22,574,574,556,570,491200,570.0
2016/7/25,575,591,574,585,413700,585.0
2016/7/26,580,580,562,564,412300,564.0
2016/7/27,570,587,570,583,447300,583.0
2016/7/28,579,596,577,595,453800,595.0
2016/7/29,591,592,570,588,485700,588.0
2016/8/1,575,576,563,571,267800,571.0
2016/8/2,559,566,553,554,361700,554.0
2016/8/3,544,553,537,538,334200,538.0
2016/8/4,537,580,536,576,393900,576.0
2016/8/5,583,598,578,589,382600,589.0
2016/8/8,599,599,585,595,392500,595.0
2016/8/9,591,608,591,605,305000,605.0
2016/8/10,617,618,583,586,407700,586.0
2016/8/12,578,641,577,637,882000,637.0
2016/8/15,634,634,612,616,328500,616.0
2016/8/16,620,626,613,616,217600,616.0
2016/8/17,613,634,613,633,245500,633.0
2016/8/18,622,622,597,601,441000,601.0
2016/8/19,607,620,607,614,326100,614.0
2016/8/22,615,624,608,615,241500,615.0
2016/8/23,607,609,581,582,335800,582.0
2016/8/24,584,595,581,582,180900,582.0
2016/8/25,581,589,576,585,164600,585.0
2016/8/26,583,583,573,574,142800,574.0
2016/8/29,594,612,590,611,237900,611.0
2016/8/30,614,644,583,598,1168500,598.0
2016/8/31,610,653,608,648,806600,648.0
2016/9/1,653,718,649,714,1134100,714.0
2016/9/2,699,707,678,694,735100,694.0
2016/9/5,700,725,698,701,492000,701.0
2016/9/6,699,718,695,717,330700,717.0
2016/9/7,703,713,688,701,409500,701.0
2016/9/8,707,728,706,723,447400,723.0
2016/9/9,726,761,726,734,735300,734.0
2016/9/12,714,722,708,720,288800,720.0
2016/9/13,726,727,694,706,323700,706.0
2016/9/14,705,715,694,708,214500,708.0
2016/9/15,700,702,672,699,469400,699.0
2016/9/16,703,713,697,712,268000,712.0
2016/9/20,704,725,700,710,304300,710.0
2016/9/21,710,710,674,706,460700,706.0
2016/9/23,691,698,688,695,317800,695.0
2016/9/26,700,706,675,677,244400,677.0
2016/9/27,668,682,655,681,358000,681.0
2016/9/28,672,692,672,685,257000,685.0
2016/9/29,698,709,695,700,217300,700.0
2016/9/30,690,693,676,678,294600,678.0
2016/10/3,692,694,672,673,216100,673.0
2016/10/4,682,693,676,690,217400,690.0
2016/10/5,690,710,689,708,263500,708.0
2016/10/6,711,718,705,706,144200,706.0
2016/10/7,710,718,706,713,182300,713.0
2016/10/11,716,732,712,721,220400,721.0
2016/10/12,714,723,710,714,164500,714.0
2016/10/13,718,723,706,707,146100,707.0
2016/10/14,707,715,696,708,131200,708.0
2016/10/17,704,716,704,710,182900,710.0
2016/10/18,710,719,703,717,196900,717.0
2016/10/19,719,724,718,719,131500,719.0
2016/10/20,719,726,716,723,247300,723.0
2016/10/21,721,722,704,706,195300,706.0
2016/10/24,708,711,702,708,137100,708.0
2016/10/25,708,716,703,706,198500,706.0
2016/10/26,706,709,697,703,274400,703.0
2016/10/27,701,706,695,698,204200,698.0
2016/10/28,700,714,700,709,234500,709.0
2016/10/31,676,684,640,641,613000,641.0
2016/11/1,641,644,622,629,523200,629.0
2016/11/2,621,622,600,603,475300,603.0
2016/11/4,596,596,583,589,541400,589.0
2016/11/7,606,613,594,609,442700,609.0
2016/11/8,613,618,607,609,274300,609.0
2016/11/9,619,627,575,580,593400,580.0
2016/11/10,613,635,611,630,471300,630.0
2016/11/11,640,640,616,621,489800,621.0
2016/11/14,631,638,623,632,480800,632.0
2016/11/15,633,639,626,628,281500,628.0
2016/11/16,638,649,634,646,436100,646.0
2016/11/17,646,654,636,652,238100,652.0
2016/11/18,662,671,660,670,277900,670.0
2016/11/21,670,672,651,656,430100,656.0
2016/11/22,660,674,660,672,219000,672.0
2016/11/24,680,690,679,682,326300,682.0
2016/11/25,682,729,682,721,712200,721.0
2016/11/28,714,727,707,724,416600,724.0
2016/11/29,718,725,712,721,271500,721.0
2016/11/30,724,733,712,714,343400,714.0
2016/12/1,723,753,721,739,475700,739.0
2016/12/2,732,739,728,733,245800,733.0
2016/12/5,735,748,730,742,241100,742.0
2016/12/6,757,789,756,787,633600,787.0
2016/12/7,794,825,794,802,423300,802.0
2016/12/8,814,829,811,829,458100,829.0
2016/12/9,822,837,813,831,384800,831.0
2016/12/12,844,874,831,841,473800,841.0
2016/12/13,824,842,808,833,518500,833.0
2016/12/14,834,837,810,813,286200,813.0
2016/12/15,828,842,818,820,326800,820.0
2016/12/16,828,849,828,846,339700,846.0
2016/12/19,844,844,824,830,172000,830.0
2016/12/20,827,833,818,833,205900,833.0
2016/12/21,834,844,825,827,213500,827.0
2016/12/22,822,825,811,824,176100,824.0
2016/12/26,828,830,817,819,122200,819.0
2016/12/27,816,819,800,803,189600,803.0
2016/12/28,808,822,803,820,100300,820.0
2016/12/29,810,810,797,800,180200,800.0
2016/12/30,794,804,782,799,192800,799.0
2017/1/4,806,823,804,820,241100,820.0
2017/1/5,822,827,813,817,209100,817.0
2017/1/6,796,796,783,788,370300,788.0
2017/1/10,782,793,778,781,244300,781.0
2017/1/11,786,804,786,789,182000,789.0
2017/1/12,788,791,770,773,174500,773.0
2017/1/13,779,780,769,772,131700,772.0
2017/1/16,772,776,743,749,267300,749.0
2017/1/17,738,752,731,731,224600,731.0
2017/1/18,727,735,714,729,284000,729.0
2017/1/19,742,769,742,767,313100,767.0
2017/1/20,758,775,758,761,189500,761.0
2017/1/23,750,754,746,747,146200,747.0
2017/1/24,742,742,730,730,184300,730.0
2017/1/25,758,760,751,753,168800,753.0
2017/1/26,763,768,755,761,161500,761.0
2017/1/27,768,777,760,777,268700,777.0
2017/1/30,772,776,760,770,147900,770.0
2017/1/31,760,765,749,754,199600,754.0
2017/2/1,745,758,741,757,140300,757.0
2017/2/2,770,773,746,750,215900,750.0
2017/2/3,750,768,746,758,231500,758.0
2017/2/6,758,764,745,753,302200,753.0
2017/2/7,743,776,743,774,362300,774.0
2017/2/8,775,787,774,784,326600,784.0
2017/2/9,788,788,756,768,382500,768.0
2017/2/10,783,804,778,798,295500,798.0
2017/2/13,804,816,804,810,175900,810.0
2017/2/14,814,826,808,811,320600,811.0
2017/2/15,824,828,818,821,305300,821.0
2017/2/16,809,809,790,800,512700,800.0
2017/2/17,796,800,790,798,225000,798.0
2017/2/20,794,794,781,793,140400,793.0
2017/2/21,787,798,784,793,121300,793.0
2017/2/22,794,795,786,793,85600,793.0
2017/2/23,792,796,784,793,136400,793.0
2017/2/24,781,783,762,764,286700,764.0
2017/2/27,759,761,740,751,250100,751.0
2017/2/28,751,766,749,752,261300,752.0
2017/3/1,754,771,751,768,176300,768.0
2017/3/2,781,783,774,775,160900,775.0
2017/3/3,776,776,767,769,127000,769.0
2017/3/6,772,772,761,767,134700,767.0
2017/3/7,762,771,760,766,138900,766.0
2017/3/8,762,762,750,758,127400,758.0
2017/3/9,761,772,760,765,197700,765.0
2017/3/10,773,774,760,769,279800,769.0
2017/3/13,768,771,763,767,111600,767.0
2017/3/14,767,774,763,766,136700,766.0
2017/3/15,761,764,750,750,134400,750.0
2017/3/16,743,758,736,752,152300,752.0
2017/3/17,749,754,747,753,141300,753.0
2017/3/21,743,749,741,741,126400,741.0
2017/3/22,730,730,711,712,268300,712.0
2017/3/23,698,711,694,711,249600,711.0
2017/3/24,703,707,696,706,220500,706.0
2017/3/27,696,697,678,681,349300,681.0
2017/3/28,684,693,681,693,203600,693.0
2017/3/29,693,718,693,714,423500,714.0
2017/3/30,714,722,696,698,245400,698.0
2017/3/31,701,702,666,666,413900,666.0
2017/4/3,670,682,666,680,310400,680.0
2017/4/4,672,693,672,683,353900,683.0
2017/4/5,689,690,672,676,245000,676.0
2017/4/6,673,693,663,673,686400,673.0
2017/4/7,675,700,675,695,443800,695.0
2017/4/10,698,732,697,728,425300,728.0
2017/4/11,738,742,722,732,368400,732.0
2017/4/12,726,728,715,724,265000,724.0
2017/4/13,715,715,693,699,295500,699.0
2017/4/14,695,701,679,691,247300,691.0
2017/4/17,688,689,677,684,178500,684.0
2017/4/18,694,699,689,695,164400,695.0
2017/4/19,690,701,685,695,342600,695.0
2017/4/20,694,705,689,693,163100,693.0
2017/4/21,700,707,697,704,148200,704.0
2017/4/24,709,710,701,704,190300,704.0
2017/4/25,703,717,698,711,582100,711.0
2017/4/26,723,741,720,738,243600,738.0
2017/4/27,733,736,724,729,180100,729.0
2017/4/28,728,737,719,719,159300,719.0
2017/5/1,722,724,710,721,154900,721.0
2017/5/2,722,739,719,732,179200,732.0
2017/5/8,744,756,736,752,289100,752.0
2017/5/9,753,753,743,746,137300,746.0
2017/5/10,747,761,747,751,185900,751.0
2017/5/11,755,755,742,745,171900,745.0
2017/5/12,735,737,725,735,297300,735.0
2017/5/15,667,676,646,648,824000,648.0
2017/5/16,645,649,630,636,580800,636.0
2017/5/17,630,630,615,623,682600,623.0
2017/5/18,615,619,604,612,637500,612.0
2017/5/19,611,613,603,610,428900,610.0
2017/5/22,609,615,602,614,353500,614.0
2017/5/23,615,618,603,607,395700,607.0
2017/5/24,613,614,605,607,349000,607.0
2017/5/25,606,613,605,611,256900,611.0
2017/5/26,614,614,607,607,216900,607.0
2017/5/29,610,618,609,611,258400,611.0
2017/5/30,611,616,602,614,344700,614.0
2017/5/31,615,615,598,600,512600,600.0
2017/6/1,600,601,592,597,449500,597.0
2017/6/2,601,623,601,621,469400,621.0
2017/6/5,624,637,619,628,570900,628.0
2017/6/6,621,623,604,606,437400,606.0
2017/6/7,603,613,599,611,270800,611.0
2017/6/8,611,612,602,605,331300,605.0
2017/6/9,600,611,600,608,275900,608.0
2017/6/12,605,615,603,610,212100,610.0
2017/6/13,614,652,613,648,818900,648.0
2017/6/14,643,655,635,651,414700,651.0
2017/6/15,651,652,622,622,384000,622.0
2017/6/16,627,641,625,628,236400,628.0
2017/6/19,632,653,631,652,310600,652.0
2017/6/20,653,662,651,651,233200,651.0
2017/6/21,645,648,626,643,215300,643.0
2017/6/22,643,651,642,644,187000,644.0
2017/6/23,645,655,642,654,219100,654.0
2017/6/26,659,674,656,666,298200,666.0
2017/6/27,662,669,661,666,255100,666.0
2017/6/28,660,678,657,668,348500,668.0
2017/6/29,677,682,671,674,199600,674.0
2017/6/30,664,673,659,661,361900,661.0
2017/7/3,663,668,655,656,172200,656.0
2017/7/4,655,665,649,652,238600,652.0
2017/7/5,652,680,652,677,370100,677.0
2017/7/6,679,679,663,672,236400,672.0
2017/7/7,672,687,667,677,327300,677.0
2017/7/10,691,691,671,678,182600,678.0
2017/7/11,683,689,679,686,163000,686.0
2017/7/12,680,689,678,683,146800,683.0
2017/7/13,678,681,659,663,325000,663.0
2017/7/14,670,678,667,672,178800,672.0
2017/7/18,668,668,654,656,195600,656.0
2017/7/19,653,656,642,642,216000,642.0
2017/7/20,640,642,630,637,268900,637.0
2017/7/21,644,648,640,646,173800,646.0
2017/7/24,644,645,636,644,139800,644.0
2017/7/25,644,648,637,638,110900,638.0
2017/7/26,644,651,643,649,164500,649.0
2017/7/27,652,652,633,635,231800,635.0
2017/7/28,636,643,635,638,244300,638.0
2017/7/31,640,648,633,633,265700,633.0
2017/8/1,631,633,605,611,421200,611.0
2017/8/2,610,615,607,612,207600,612.0
2017/8/3,612,616,607,610,200500,610.0
2017/8/4,609,626,608,626,279800,626.0
2017/8/7,633,641,625,628,234200,628.0
2017/8/8,629,635,626,633,214700,633.0
2017/8/9,637,646,630,643,330400,643.0
2017/8/10,644,659,644,655,439000,655.0
2017/8/14,650,650,623,623,373100,623.0
2017/8/15,629,639,624,627,310600,627.0
2017/8/16,627,646,626,644,197700,644.0
2017/8/17,642,649,639,644,139100,644.0
2017/8/18,634,641,631,634,161500,634.0
2017/8/21,634,638,628,630,180700,630.0
2017/8/22,630,632,624,630,209800,630.0
2017/8/23,640,643,626,629,232900,629.0
2017/8/24,628,634,621,624,286300,624.0
2017/8/25,623,625,615,624,314600,624.0
2017/8/28,630,648,630,643,371700,643.0
2017/8/29,646,660,644,660,395300,660.0
2017/8/30,663,677,650,656,1211000,656.0
2017/8/31,666,668,654,657,321500,657.0
2017/9/1,661,673,656,670,335600,670.0
2017/9/4,670,675,654,658,276000,658.0
2017/9/5,656,661,638,638,237900,638.0
2017/9/6,633,642,630,636,277000,636.0
2017/9/7,643,648,638,643,199600,643.0
2017/9/8,642,646,634,634,219400,634.0
2017/9/11,637,648,637,645,183500,645.0
2017/9/12,649,651,642,648,260400,648.0
2017/9/13,651,661,651,654,273700,654.0
2017/9/14,652,652,624,626,492000,626.0
2017/9/15,623,637,614,633,500000,633.0
2017/9/19,640,644,628,629,421400,629.0
2017/9/20,630,635,619,621,505200,621.0
2017/9/21,628,652,626,629,753300,629.0
2017/9/22,632,635,626,634,235100,634.0
2017/9/25,635,638,627,628,193500,628.0
2017/9/26,628,634,619,633,328900,633.0
2017/9/27,632,650,632,649,294100,649.0
2017/9/28,654,666,653,664,491400,664.0
2017/9/29,663,667,657,664,293300,664.0
2017/10/2,666,679,665,674,218700,674.0
2017/10/3,677,683,671,680,344700,680.0
2017/10/4,684,688,677,682,285800,682.0
2017/10/5,680,684,671,672,189700,672.0
2017/10/6,671,677,667,676,149100,676.0
2017/10/10,680,681,672,674,121100,674.0
2017/10/11,677,677,664,665,151000,665.0
2017/10/12,674,674,660,665,181600,665.0
2017/10/13,661,670,655,667,189000,667.0
2017/10/16,668,675,662,675,205700,675.0
2017/10/17,681,692,679,681,304600,681.0
2017/10/18,676,682,670,675,167100,675.0
2017/10/19,682,705,680,704,526700,704.0
2017/10/20,697,701,681,694,348700,694.0
2017/10/23,695,701,690,693,243100,693.0
2017/10/24,692,700,692,697,215600,697.0
2017/10/25,701,710,698,699,287900,699.0
2017/10/26,700,702,690,691,198500,691.0
2017/10/27,697,697,687,688,302800,688.0
2017/10/30,697,709,692,693,249500,693.0
2017/10/31,696,701,693,700,181300,700.0
2017/11/1,705,713,700,703,216300,703.0
2017/11/2,705,710,701,703,168800,703.0
2017/11/6,708,727,708,714,304700,714.0
2017/11/7,713,725,712,723,292200,723.0
2017/11/8,726,737,723,734,333100,734.0
2017/11/9,744,757,731,739,526300,739.0
2017/11/10,724,735,719,719,296000,719.0
2017/11/13,717,727,705,714,332000,714.0
2017/11/14,705,726,705,722,184300,722.0
2017/11/15,723,727,694,694,344200,694.0
2017/11/16,690,710,687,701,307100,701.0
2017/11/17,711,728,710,719,329500,719.0
2017/11/20,713,730,710,729,403500,729.0
2017/11/21,735,753,730,748,304900,748.0
2017/11/22,755,756,744,745,194100,745.0
2017/11/24,738,744,733,741,144300,741.0
2017/11/27,737,741,724,725,213700,725.0
2017/11/28,722,728,700,700,223500,700.0
2017/11/29,705,707,693,694,333700,694.0
2017/11/30,699,708,678,687,512000,687.0
2017/12/1,691,702,684,686,235500,686.0
2017/12/4,700,706,685,687,263000,687.0
2017/12/5,682,694,680,691,220000,691.0
2017/12/6,686,687,670,672,296300,672.0
2017/12/7,678,685,663,665,315500,665.0
2017/12/8,659,673,655,671,311100,671.0
2017/12/11,673,678,670,677,169500,677.0
2017/12/12,680,687,677,679,201200,679.0
2017/12/13,678,687,670,676,263500,676.0
2017/12/14,676,680,675,679,186100,679.0
2017/12/15,674,675,664,666,256700,666.0
2017/12/18,666,672,666,669,197800,669.0
2017/12/19,668,677,667,674,175800,674.0
2017/12/20,670,689,670,686,246000,686.0
2017/12/21,685,693,682,686,191200,686.0
2017/12/22,686,713,686,711,351800,711.0
2017/12/25,706,715,691,694,159300,694.0
2017/12/26,694,697,681,682,163000,682.0
2017/12/27,680,686,676,679,198200,679.0
2017/12/28,680,689,679,681,181300,681.0
2017/12/29,681,697,681,695,134900,695.0
2018/1/4,708,736,708,720,386900,720.0
2018/1/5,726,728,714,728,176000,728.0
2018/1/9,726,747,716,747,325000,747.0
2018/1/10,749,755,743,744,262100,744.0
2018/1/11,745,768,745,760,318300,760.0
2018/1/12,753,761,747,759,207900,759.0
2018/1/15,759,764,747,750,240200,750.0
2018/1/16,750,760,750,752,142100,752.0
2018/1/17,746,767,742,764,302500,764.0
2018/1/18,775,777,751,751,306400,751.0
2018/1/19,752,766,749,762,193100,762.0
2018/1/22,764,765,752,756,151300,756.0
2018/1/23,756,761,752,758,162900,758.0
2018/1/24,759,768,753,757,150600,757.0
2018/1/25,750,753,738,751,257400,751.0
2018/1/26,753,763,750,755,201300,755.0
2018/1/29,755,756,741,742,190100,742.0
2018/1/30,735,749,735,739,282100,739.0
2018/1/31,738,753,737,739,215100,739.0
2018/2/1,745,752,741,749,152100,749.0
2018/2/2,745,750,735,743,219100,743.0
2018/2/5,728,736,717,721,244000,721.0
2018/2/6,703,710,663,677,361500,677.0
2018/2/7,655,670,623,626,982800,626.0
2018/2/8,636,643,621,626,392400,626.0
2018/2/9,611,611,597,603,451800,603.0
2018/2/13,612,612,587,588,354700,588.0
2018/2/14,588,588,559,564,549000,564.0
2018/2/15,570,594,570,592,396800,592.0
2018/2/16,593,610,592,609,353300,609.0
2018/2/19,616,629,612,629,306800,629.0
2018/2/20,634,635,621,631,189600,631.0
2018/2/21,632,646,630,638,327700,638.0
2018/2/22,630,630,613,620,472700,620.0
2018/2/23,615,640,610,636,255700,636.0
2018/2/26,646,649,630,637,259400,637.0
2018/2/27,643,646,634,640,258900,640.0
2018/2/28,640,658,640,648,341800,648.0
2018/3/1,643,645,636,641,302600,641.0
2018/3/2,630,636,625,625,248900,625.0
2018/3/5,620,620,593,596,327800,596.0
2018/3/6,606,624,606,616,205400,616.0
2018/3/7,613,619,606,606,178600,606.0
2018/3/8,614,616,605,614,228200,614.0
2018/3/9,621,628,612,615,378700,615.0
2018/3/12,621,631,620,628,183500,628.0
2018/3/13,629,629,612,622,190000,622.0
2018/3/14,632,644,630,636,312400,636.0
2018/3/15,632,636,619,629,213100,629.0
2018/3/16,630,632,614,619,218700,619.0
2018/3/19,610,619,600,606,194000,606.0
2018/3/20,600,608,594,606,256900,606.0
2018/3/22,605,607,595,600,236400,600.0
2018/3/23,580,587,574,575,298800,575.0
2018/3/26,575,576,554,569,374100,569.0
2018/3/27,575,598,575,596,218300,596.0
2018/3/28,590,597,585,594,188600,594.0
2018/3/29,604,604,585,591,143200,591.0
2018/3/30,595,602,591,601,160500,601.0
2018/4/2,602,611,600,609,143600,609.0
2018/4/3,597,603,590,600,163900,600.0
2018/4/4,608,623,604,621,263100,621.0
2018/4/5,629,629,614,623,184100,623.0
2018/4/6,624,627,615,617,104500,617.0
2018/4/9,617,628,613,627,181500,627.0
2018/4/10,625,640,615,637,242900,637.0
2018/4/11,640,649,635,644,241100,644.0
2018/4/12,642,645,630,632,173700,632.0
2018/4/13,638,652,635,649,151300,649.0
2018/4/16,655,662,648,656,160400,656.0
2018/4/17,656,657,644,649,117400,649.0
2018/4/18,650,664,648,658,158100,658.0
2018/4/19,660,677,660,669,210300,669.0
2018/4/20,669,681,668,679,182400,679.0
2018/4/23,680,689,675,677,195400,677.0
2018/4/24,682,688,672,685,233200,685.0
2018/4/25,679,690,670,687,175900,687.0
2018/4/26,691,698,689,689,178100,689.0
2018/4/27,691,693,670,678,210400,678.0
2018/5/1,671,678,665,674,135100,674.0
2018/5/2,680,683,669,670,191200,670.0
2018/5/7,668,671,660,662,117600,662.0
2018/5/8,662,673,660,663,262700,663.0
2018/5/9,625,662,622,659,471900,659.0
2018/5/10,663,664,638,640,171200,640.0
2018/5/11,631,648,622,646,359800,646.0
2018/5/14,617,625,575,581,733100,581.0
2018/5/15,582,585,561,564,617700,564.0
2018/5/16,565,576,553,572,458800,572.0
2018/5/17,570,576,562,569,320300,569.0
2018/5/18,570,571,561,563,392500,563.0
2018/5/21,566,575,561,574,274700,574.0
2018/5/22,580,581,571,579,196000,579.0
2018/5/23,576,578,566,571,281600,571.0
2018/5/24,570,570,554,557,339800,557.0
2018/5/25,556,564,552,553,263900,553.0
2018/5/28,553,553,540,541,254400,541.0
2018/5/29,537,542,528,531,190500,531.0
2018/5/30,521,525,512,523,355500,523.0
2018/5/31,529,529,512,520,376600,520.0
2018/6/1,515,517,507,512,532100,512.0
2018/6/4,515,519,504,519,478300,519.0
2018/6/5,514,527,510,525,278300,525.0
2018/6/6,525,529,514,522,200100,522.0
2018/6/7,526,536,524,530,272500,530.0
2018/6/8,524,534,520,529,361700,529.0
2018/6/11,524,527,510,510,268900,510.0
2018/6/12,516,520,511,513,191700,513.0
2018/6/13,512,514,506,507,221900,507.0
2018/6/14,507,517,506,508,248200,508.0
2018/6/15,509,509,491,491,394800,491.0
2018/6/18,487,487,472,476,520000,476.0
2018/6/19,476,483,461,463,322100,463.0
2018/6/20,460,463,440,460,629900,460.0
2018/6/21,460,460,448,451,311900,451.0
2018/6/22,444,444,435,442,384700,442.0
2018/6/25,442,449,430,431,354300,431.0
2018/6/26,428,451,427,450,389700,450.0
2018/6/27,450,451,438,440,234900,440.0
2018/6/28,436,447,431,446,343500,446.0
2018/6/29,450,476,440,468,481700,468.0
2018/7/2,471,482,463,465,434800,465.0
2018/7/3,466,466,441,442,279800,442.0
2018/7/4,438,447,435,441,279300,441.0
2018/7/5,440,443,426,429,293900,429.0
2018/7/6,429,445,428,443,236100,443.0
2018/7/9,465,471,458,470,386100,470.0
2018/7/10,470,488,469,482,335300,482.0
2018/7/11,484,488,470,475,274500,475.0
2018/7/12,483,494,471,473,382100,473.0
2018/7/13,485,493,482,486,338300,486.0
2018/7/17,494,500,485,487,380900,487.0
2018/7/18,498,504,495,499,277800,499.0
2018/7/19,504,511,496,502,238500,502.0
2018/7/20,502,511,500,506,416300,506.0
2018/7/23,499,504,484,504,393400,504.0
2018/7/24,509,514,503,512,276100,512.0
2018/7/25,518,529,515,527,362100,527.0
2018/7/26,537,539,528,533,267900,533.0
2018/7/27,535,536,527,530,365400,530.0
2018/7/30,527,537,526,535,269900,535.0
2018/7/31,525,532,520,527,369300,527.0
2018/8/1,532,532,516,526,322800,526.0
2018/8/2,523,531,517,518,273700,518.0
2018/8/3,518,527,516,522,241900,522.0
2018/8/6,530,546,526,530,547400,530.0
2018/8/7,526,531,518,530,200400,530.0
2018/8/8,530,545,530,544,418700,544.0
2018/8/9,544,552,541,550,363500,550.0
2018/8/10,549,549,507,508,490300,508.0
2018/8/13,499,502,480,487,439300,487.0
2018/8/14,488,508,483,507,293600,507.0
2018/8/15,513,513,488,493,287900,493.0
2018/8/16,487,499,478,499,356700,499.0
2018/8/17,495,503,490,503,199600,503.0
2018/8/20,503,509,498,506,211000,506.0
2018/8/21,501,505,493,503,200700,503.0
2018/8/22,503,514,500,510,397000,510.0
2018/8/23,510,512,486,488,429900,488.0
2018/8/24,490,491,471,475,420200,475.0
2018/8/27,471,487,465,479,396100,479.0
2018/8/28,484,497,484,492,270600,492.0
2018/8/29,495,524,495,522,339800,522.0
2018/8/30,529,533,515,518,339900,518.0
2018/8/31,508,512,499,499,385800,499.0
2018/9/3,499,502,484,492,465600,492.0
2018/9/4,494,498,486,493,292300,493.0
2018/9/5,494,525,493,521,591500,521.0
2018/9/6,520,525,508,512,338700,512.0
2018/9/7,502,511,500,503,139300,503.0
2018/9/10,500,524,499,521,252700,521.0
2018/9/11,519,522,510,513,241500,513.0
2018/9/12,518,529,507,510,246300,510.0
2018/9/13,508,517,507,512,161800,512.0
2018/9/14,518,528,517,527,290800,527.0
2018/9/18,523,537,517,531,218800,531.0
2018/9/19,538,546,532,545,279000,545.0
2018/9/20,548,548,532,536,197700,536.0
2018/9/21,546,562,546,562,412600,562.0
2018/9/25,572,576,557,572,375000,572.0
2018/9/26,568,574,563,573,232300,573.0
2018/9/27,570,580,570,574,230600,574.0
2018/9/28,584,598,583,594,394100,594.0
2018/10/1,601,608,595,597,322200,597.0
2018/10/2,603,615,598,601,279000,601.0
2018/10/3,599,602,570,571,388800,571.0
